,DOB,Height,Name,Reach,Stance,Weight
0,26-08-1994,66,Gabriel Silva,71, Orthodox,135
0,20-09-1989,72,Aalon Cruz,78, Switch,145
0,05-11-1986,66,Davi Ramos,70, Orthodox,155
0,17-07-1976,79,Sean McCorkle,81, Orthodox,265
0,28-02-1991,72,Glaico Franca,77,,155
0,15-11-1979,73,Dylan Andrews,73, Switch,185
0,17-10-1984,75,Luke Rockhold,77, Southpaw,205
0,21-03-1985,73,John Salter,74, Southpaw,185
0,23-08-1983,68,Joe Brammer,0, Orthodox,155
0,19-08-1988,66,Gina Mazany,68, Southpaw,135
0,25-02-1991,63,Rachael Ostovich,62, Orthodox,125
0,16-11-1989,76,Chase Sherman,78, Orthodox,250
0,05-04-1979,61,Benji Radach,0, Orthodox,185
0,07-01-1984,69,Caros Fodor,76, Orthodox,155
0,31-05-1977,68,Koji Oishi,0, Orthodox,170
0,23-04-1980,61,Josh Bryant,0, Orthodox,185
0,22-10-1980,68,Henry Briones,69,,135
0,31-10-1969,66,Jason Reinhardt,0, Orthodox,135
0,09-02-1992,72,Darko Stosic,76, Orthodox,205
0,05-08-1973,66,Sean Sherk,67, Orthodox,155
0,13-11-1989,61,Abubakar Nurmagomedov,72, Orthodox,170
0,19-01-1989,69,Dustin Poirier,72, Southpaw,155
0,0,61,Rudyard Moncayo,0, Orthodox,195
0,31-12-1970,75,Kevin Jordan,0, Orthodox,245
0,11-08-1986,69,Artem Lobov,65, Southpaw,145
0,0,74,Trent Jenkins,0,,185
0,09-08-1971,74,Kerry Schall,0, Orthodox,265
0,20-09-1988,61,Khabib Nurmagomedov,70, Orthodox,155
0,05-08-1982,61,Pete Sell,75, Orthodox,170
0,24-02-1965,73,Bas Rutten,0, Orthodox,205
0,17-12-1983,61,John Cholish,72, Orthodox,155
0,10-06-1983,77,Walt Harris,77, Southpaw,250
0,0,73,Nate Schroeder,0,,230
0,22-01-1994,68,Arnold Allen,70, Southpaw,145
0,19-12-1989,72,Jack Marshman,73, Orthodox,185
0,18-08-1973,61,Marcus Aurelio,74, Orthodox,155
0,02-10-1978,73,Matt Horwich,0, Orthodox,185
0,04-08-1987,61,Oluwale Bamgbose,78, Switch,185
0,03-03-1983,69,Nate Mohr,72, Orthodox,155
0,02-08-1991,74,Tanner Boser,75, Orthodox,255
0,25-01-1977,67,Jorge Gurgel,69, Orthodox,155
0,01-03-1979,69,Gerald Strebendt,0, Orthodox,155
0,0,75,Chase Gormley,0, Orthodox,265
0,25-06-1987,68,Rob Font,71, Orthodox,135
0,22-03-1972,72,Houston Alexander,72, Orthodox,205
0,30-01-1981,61,Rob Kimmons,73, Orthodox,185
0,29-11-1979,61,Costas Philippou,73, Orthodox,185
0,09-02-1987,64,Henry Cejudo,64, Orthodox,135
0,10-12-1975,78,Jon Olav Einemo,0, Orthodox,253
0,08-06-1971,69,Marvin Eastman,73, Orthodox,185
0,04-04-1979,61,Dale Hartt,69, Orthodox,155
0,09-11-1982,74,Chris Price,0, Southpaw,185
0,11-04-1991,64,Kailin Curran,65, Orthodox,115
0,11-02-1989,66,Andrea Lee,69, Orthodox,125
0,22-03-1985,74,Mike Jackson,0, Orthodox,170
0,22-07-1986,68,Cain Carrizosa,74, Orthodox,155
0,01-03-1988,72,Devin Powell,73, Orthodox,155
0,20-05-1988,75,Scott Askham,75, Southpaw,185
0,05-07-1986,79,Maurice Greene,80,,258
0,29-07-1973,75,Branden Lee Hinkle,0, Orthodox,235
0,02-10-1980,73,Ed Herman,77, Orthodox,205
0,17-10-1989,61,Charles Oliveira,74, Orthodox,155
0,04-08-1989,63,Milana Dudieva,61, Orthodox,135
0,06-09-1986,61,Tarec Saffiedine,70, Switch,170
0,29-08-1989,61,Joey Gomez,71, Orthodox,155
0,0,80,Paul Varelans,0, Orthodox,300
0,25-04-1992,65,Rogerio Bontorin,67, Orthodox,125
0,19-07-1987,76,Jon Jones,84, Orthodox,205
0,19-09-1989,74,Volkan Oezdemir,75, Orthodox,205
0,11-03-1986,69,Tommy Hayden,72, Southpaw,145
0,12-01-1978,61,Dave Galera,0, Orthodox,135
0,0,80,Rafael Carino,0, Orthodox,245
0,05-01-1968,75,Kimo Leopoldo,0, Orthodox,235
0,06-05-1989,61,Beneil Dariush,72, Southpaw,155
0,31-10-1988,61,Myles Jury,73, Orthodox,145
0,18-10-1993,72,Anthony Hernandez,75, Orthodox,185
0,12-09-1983,69,Johny Hendricks,69, Southpaw,185
0,0,65,David Velasquez,0, Orthodox,145
0,11-11-1991,68,Diego Rivas,69, Orthodox,145
0,10-06-1988,73,Jack Hermansson,77, Orthodox,185
0,07-08-1988,69,Adam Yandiev,74, Orthodox,185
0,22-07-1982,68,Mark Hominick,68, Orthodox,145
0,22-06-1963,73,Randy Couture,75, Orthodox,205
0,18-07-1984,61,Ben Askren,73, Orthodox,170
0,05-05-1981,75,Steve Steinbeiss,75, Orthodox,185
0,17-09-1982,65,Scott Jorgensen,66, Orthodox,135
0,28-12-1984,61,Matt Bessette,70, Orthodox,145
0,30-06-1972,75,Fabiano Scherner,0, Orthodox,257
0,14-05-1982,72,Tom DeBlass,75, Orthodox,185
0,14-12-1987,73,Caio Magalhaes,73, Orthodox,185
0,14-03-1984,61,Jimmy Wallhead,73, Orthodox,170
0,21-12-1987,73,Brad Tavares,74, Orthodox,185
0,25-06-1983,72,Marcelo Guimaraes,73, Orthodox,185
0,22-09-1979,63,Fredy Serrano,65, Orthodox,125
0,15-04-1967,61,Enson Inoue,0, Orthodox,210
0,19-08-1987,66,Jon Delos Reyes,67, Orthodox,125
0,08-04-1987,69,Rocky Lee,68, Orthodox,145
0,10-03-1976,72,Sean Pierson,76, Southpaw,170
0,11-10-1990,68,Sheymon Moraes,72, Orthodox,145
0,22-02-1995,72,Michal Oleksiejczuk,74, Southpaw,205
0,27-02-1991,73,Sean Strickland,76, Orthodox,170
0,09-08-1990,74,Shamil Gamzatov,76, Orthodox,205
0,0,69,Dieusel Berto,0,,200
0,25-12-1982,72,Rafael Natal,76, Orthodox,185
0,17-05-1970,72,Matt Lindland,74, Southpaw,185
0,10-04-1982,77,Magnus Cedenblad,79, Orthodox,185
0,0,69,Chris Liguori,0, Orthodox,185
0,26-04-1965,75,Sam Adkins,0, Orthodox,225
0,0,76,Scott Fiedler,0, Orthodox,235
0,01-04-1977,72,Vitor Belfort,74, Southpaw,185
0,22-07-1971,66,Joao Roque,0, Orthodox,155
0,23-03-1991,72,Yuri Villefort,73, Orthodox,170
0,05-04-1992,68,Said Nurmagomedov,70, Orthodox,135
0,28-07-1982,73,Cain Velasquez,77, Orthodox,240
0,20-08-1988,61,Emil Meek,74, Switch,170
0,26-10-1988,67,Joey Gambino,0, Orthodox,145
0,31-01-1985,65,Shunichi Shimizu,66, Orthodox,135
0,0,73,Igor Zinoviev,0, Orthodox,199
0,07-03-1992,75,Nikita Krylov,77, Orthodox,205
0,09-03-1985,68,Dominick Cruz,68, Orthodox,135
0,18-12-1985,68,Davey Grant,69,,135
0,28-05-1983,76,Aaron Rosa,78, Orthodox,205
0,24-12-1975,68,Samy Schiavo,0, Orthodox,155
0,0,72,Mario Neto,0, Orthodox,229
0,30-03-1989,66,Shana Dobson,69,,125
0,03-12-1971,72,Vernon White,0, Southpaw,205
0,27-10-1989,67,Julio Arce,70, Southpaw,145
0,13-12-1980,72,Garett Whiteley,72, Orthodox,155
0,01-10-1979,68,Jerrod Sanders,72, Orthodox,135
0,23-12-1985,66,Joanne Calderwood,65, Orthodox,125
0,24-07-1985,72,Bubba Bush,73, Orthodox,185
0,07-03-1988,65,Valentina Shevchenko,66, Southpaw,125
0,20-03-1984,75,Goran Reljic,81, Southpaw,205
0,22-07-1989,76,Israel Adesanya,80, Switch,185
0,03-02-1991,69,Damir Ismagulov,70, Orthodox,155
0,16-03-1984,61,Jared Cannonier,77, Switch,185
0,0,61,Kevin Jackson,0, Switch,199
0,26-05-1964,69,Brad Kohler,0, Orthodox,220
0,0,72,Steve Nelmark,0, Orthodox,240
0,25-11-1981,73,Mauricio Rua,76, Orthodox,205
0,20-08-1984,61,Tommy Speer,71, Orthodox,170
0,25-09-1980,65,Iliarde Santos,66, Orthodox,125
0,22-12-1986,61,Norman Parke,70,,155
0,04-12-1991,61,Max Holloway,69, Orthodox,145
0,06-10-1984,63,Anna Elmose,65, Orthodox,115
0,31-08-1972,61,Solomon Hutcherson,0, Southpaw,185
0,14-05-1974,61,Alex Andrade,0, Orthodox,200
0,26-09-1991,75,Tom Breese,73, Southpaw,185
0,11-11-1985,69,Leandro Silva,72, Orthodox,155
0,26-01-1982,68,Rafaello Oliveira,71, Orthodox,155
0,03-07-1983,61,Danny Abbadi,0, Orthodox,155
0,24-07-1978,61,Nathan Coy,69, Southpaw,170
0,04-11-1980,67,Brian Geraghty,0, Orthodox,155
0,14-04-1987,66,Sarah Frota,69, Southpaw,125
0,16-04-1976,69,Phil Baroni,72, Orthodox,170
0,08-03-1987,62,Seohee Ham,62, Southpaw,115
0,12-10-1987,72,Omari Akhmedov,73, Orthodox,185
0,20-09-1984,75,Quinn Mulhern,76, Orthodox,155
0,07-09-1994,67,Larissa Pacheco,69, Orthodox,135
0,12-10-1989,73,Collin Hart,76, Orthodox,185
0,13-04-1988,78,Luke Barnatt,77, Orthodox,185
0,18-12-1983,69,Roland Delorme,71, Orthodox,135
0,29-03-1994,63,Cristina Stanciu,64, Orthodox,115
0,09-10-1986,61,Blagoy Ivanov,73, Southpaw,250
0,09-02-1978,72,Mark Munoz,72, Orthodox,185
0,17-07-1982,69,Marcus LeVesseur,70, Southpaw,155
0,0,61,Wes Albritton,0, Orthodox,188
0,0,72,Mark Hall,0, Orthodox,190
0,07-03-1983,61,Steve Kennedy,71, Orthodox,170
0,25-05-1986,69,Jeremy Stephens,71, Orthodox,145
0,14-12-1991,65,Heili Alateng,66, Orthodox,135
0,20-02-1979,61,Phillip Miller,0, Orthodox,185
0,28-11-1988,76,Mike Rodriguez,82, Southpaw,205
0,28-07-1987,61,Darrell Horcher,70, Southpaw,155
0,13-06-1992,68,Suman Mokhtarian,72, Orthodox,145
0,13-02-1990,72,Dan Hooker,75, Switch,155
0,16-04-1986,72,Pat Audinwood,0, Orthodox,155
0,22-09-1986,61,Mike de la Torre,71, Orthodox,145
0,27-03-1978,69,Nick Serra,0, Orthodox,170
0,08-06-1993,61,Carlo Pedersoli,75, Southpaw,170
0,24-06-1991,74,Brian Camozzi,78, Orthodox,170
0,14-06-1997,69,Naoki Inoue,71, Orthodox,125
0,09-02-1984,73,James Head,73, Orthodox,170
0,29-01-1994,64,Mallory Martin,63, Orthodox,115
0,07-11-1980,69,Ivan Jorge,73, Orthodox,155
0,0,73,Joe Charles,0, Southpaw,260
0,27-11-1968,76,Colin Robinson,0, Orthodox,243
0,04-11-1977,68,Kelly Dullanty,0, Orthodox,155
0,06-01-1993,66,Matheus Nicolau,66,,125
0,0,73,Jim Mullen,0, Southpaw,215
0,19-05-1983,69,John Maguire,69, Southpaw,155
0,16-01-1992,78,Don'Tale Mayes,81, Orthodox,260
0,04-10-1985,67,Jocelyn Jones-Lybarger,64, Orthodox,115
0,20-12-1975,75,Nandor Guelmino,76,,230
0,25-03-1989,61,Ben Wall,73, Orthodox,155
0,01-08-1995,69,Ricardo Ramos,72, Orthodox,135
0,08-05-1984,72,Felipe Silva,77, Orthodox,155
0,23-07-1982,72,Sergio Moraes,72, Orthodox,170
0,0,69,Bob Cook,0, Orthodox,170
0,02-12-1973,61,Laverne Clark,0, Orthodox,170
0,0,75,Brian Johnston,0, Orthodox,230
0,02-06-1978,61,Roan Carneiro,74, Orthodox,170
0,24-08-1970,61,Dan Henderson,74, Orthodox,185
0,14-11-1982,69,Stephen Bass,0,,145
0,14-07-1973,74,Mostapha Al-Turk,77, Orthodox,245
0,24-01-1990,72,Oskar Piechota,76, Southpaw,185
0,29-03-1983,73,Donald Cerrone,73, Orthodox,155
0,0,69,Nick Sanzo,0,,190
0,01-02-1982,69,Chris Tickle,0,,155
0,24-04-1984,69,Germaine de Randamie,71, Orthodox,135
0,15-11-1989,73,Josh Shockley,74, Orthodox,155
0,09-12-1981,61,Stanislav Nedkov,71, Orthodox,205
0,07-02-1965,74,Tra Telligman,0, Orthodox,233
0,12-04-1983,69,Rob Whiteford,69, Southpaw,145
0,26-08-1967,72,Oleg Taktarov,0, Orthodox,210
0,31-12-1986,74,Chance Rencountre,75, Southpaw,170
0,16-12-1988,65,Nicco Montano,65, Southpaw,135
0,18-02-1980,73,Jimi Manuwa,79, Orthodox,205
0,30-10-1986,74,Adlan Amagov,76, Orthodox,170
0,25-05-1983,66,Ulysses Gomez,66, Orthodox,125
0,10-06-1970,63,Alfonso Alcarez,0,,145
0,21-03-1997,73,Fares Ziam,75, Orthodox,155
0,06-02-1977,61,Vik Grujic,73, Orthodox,170
0,08-11-1976,61,Justin James,0, Orthodox,155
0,17-05-1975,76,Cheick Kongo,82, Orthodox,240
0,12-08-1986,64,Pearl Gonzalez,68, Orthodox,115
0,13-08-1989,64,Weili Zhang,63, Switch,115
0,17-04-1986,67,Jumabieke Tuerxun,67, Orthodox,135
0,06-06-1979,61,David Bielkheden,71, Orthodox,155
0,19-12-1986,72,Yorgan De Castro,74, Orthodox,250
0,14-04-1975,74,Anderson Silva,77, Southpaw,185
0,28-06-1989,61,Johnny Case,72, Orthodox,155
0,0,0,Sam Fulton,0,,0
0,29-11-1983,75,James Hammortree,0, Orthodox,185
0,27-09-1986,61,Ryan McGillivray,0,,170
0,17-03-1980,73,Fabio Maldonado,75, Orthodox,205
0,19-12-1991,61,Rostem Akman,72, Switch,170
0,11-01-1987,72,Peter Sobotta,75, Southpaw,170
0,27-07-1978,72,Drew McFedries,72, Southpaw,185
0,17-07-1975,61,Yuki Kondo,0, Southpaw,183
0,24-05-1979,75,Frank Mir,79, Southpaw,264
0,0,66,Lowell Anderson,0, Orthodox,160
0,20-04-1984,66,Tyson Griffin,68, Orthodox,145
0,15-07-1990,75,Viktor Pesta,77, Orthodox,240
0,16-01-1985,75,Hyun Gyu Lim,77, Orthodox,170
0,28-09-1981,61,Sammy Morgan,0, Orthodox,170
0,30-07-1993,69,Devonte Smith,76, Orthodox,155
0,25-08-1989,65,Ryan Benoit,68, Orthodox,125
0,25-09-1984,75,Jake O'Brien,76, Orthodox,205
0,0,65,Townsend Saunders,0, Orthodox,170
0,16-09-1968,75,Roberto Traven,0, Orthodox,227
0,16-06-1977,61,Rich Attonito,72, Orthodox,170
0,14-08-1978,69,Derrick Noble,0, Southpaw,170
0,06-05-1982,61,Luiz Dutra,71, Orthodox,170
0,08-11-1989,66,Jordan Espinosa,69, Orthodox,125
0,09-05-1983,76,Tim Hague,76, Orthodox,260
0,20-05-1973,61,Steve Berger,0, Orthodox,170
0,20-12-1964,73,Mark Coleman,75, Orthodox,205
0,0,0,Saeed Hosseini,0,,0
0,31-01-1983,61,Konstantin Erokhin,73, Orthodox,230
0,26-06-1992,61,Hannah Cifers,62, Orthodox,115
0,04-06-1996,64,Carlos Huachin,67, Southpaw,135
0,19-12-1981,74,Luke Zachrich,74, Orthodox,185
0,01-03-1989,69,Wuliji Buren,69, Orthodox,135
0,05-09-1960,80,Emmanuel Yarborough,0, Open Stance,770
0,12-02-1984,61,Tony Ferguson,76, Orthodox,155
0,01-04-1988,61,Ramsey Nijem,75, Orthodox,155
0,29-06-1981,73,Mike Whitehead,0, Orthodox,205
0,17-12-1979,72,David Loiseau,76, Orthodox,185
0,05-08-1980,61,Daniel Roberts,74, Southpaw,170
0,25-11-1979,67,Richard Crunkilton,0, Orthodox,155
0,20-07-1986,61,Gilbert Burns,71, Orthodox,170
0,22-08-1983,72,Justin Buchholz,73, Orthodox,155
0,15-07-1993,72,Khalid Murtazaliev,76, Orthodox,185
0,01-08-1985,74,Gegard Mousasi,76, Orthodox,185
0,07-03-1982,75,Jared Hamman,75, Orthodox,185
0,12-11-1982,78,Kendall Grove,79, Orthodox,185
0,01-09-1980,68,Mike Pierce,70, Orthodox,170
0,0,0,Jack McGlaughlin,0, Orthodox,0
0,21-02-1983,69,Paul Daley,76, Orthodox,170
0,25-03-1982,72,Rory Markham,71, Orthodox,170
0,02-09-1986,61,Enrique Marin,74,,170
0,25-01-1943,61,Ron van Clief,0, Orthodox,190
0,28-08-1997,65,Chanmi Jeon,67, Orthodox,115
0,11-07-1988,69,Kron Gracie,70, Southpaw,145
0,19-11-1987,68,Aiemann Zahabi,68, Orthodox,135
0,24-04-1981,74,Luiz Cane,77, Southpaw,185
0,03-10-1989,65,Sirwan Kakai,66, Orthodox,135
0,26-03-1971,72,Tony Fryklund,0, Orthodox,185
0,14-07-1976,65,Alberto Crane,0, Orthodox,155
0,0,69,Rick Davis,0, Orthodox,155
0,30-03-1994,72,Khaos Williams,77, Orthodox,170
0,22-06-1996,61,Jesus Pinedo,0,,155
0,25-09-1989,72,Rodolfo Vieira,73, Orthodox,185
0,0,72,Scott Adams,0, Southpaw,225
0,01-10-1992,69,Alexander Hernandez,72, Orthodox,155
0,28-07-1970,68,Fabiano Iha,0, Orthodox,155
0,27-08-1980,61,Amir Sadollah,74, Orthodox,170
0,07-05-1973,69,Lodune Sincaid,0, Orthodox,185
0,16-11-1983,69,Benson Henderson,70, Southpaw,170
0,25-10-1978,63,Alex Chambers,63,,115
0,18-05-1992,64,Hannah Goldy,61, Orthodox,125
0,0,67,Paul Rodriguez,0, Orthodox,155
0,18-05-1979,74,Gabriel Gonzaga,76, Orthodox,242
0,23-11-1965,73,Don Frye,0, Orthodox,219
0,0,72,Curt Warburton,73, Orthodox,155
0,01-05-1989,69,David Teymur,73, Southpaw,155
0,08-02-1974,74,Kevin Ferguson,0, Orthodox,235
0,27-10-1991,61,Islam Makhachev,70, Orthodox,155
0,29-07-1974,61,Dave Menne,0, Orthodox,170
0,08-06-1985,61,Takenori Sato,71, Southpaw,170
0,30-03-1959,77,Gerard Gordeau,0, Orthodox,216
0,24-10-1988,79,Alexander Volkov,80, Orthodox,250
0,23-07-1986,67,Kalindra Faria,0, Switch,125
0,08-10-1978,61,Roger Hollett,70, Orthodox,205
0,28-06-1978,73,Justin Eilers,0, Orthodox,235
0,24-04-1984,66,Nick Hein,66, Southpaw,155
0,26-04-1984,73,Cole Miller,74, Orthodox,145
0,05-07-1993,75,Luis Pena,75, Southpaw,155
0,27-02-1991,61,Junyong Park,73, Orthodox,185
0,08-12-1974,73,Dante Rivera,0, Southpaw,185
0,25-04-1979,67,Alexandre Ferreira,0, Orthodox,205
0,19-07-1986,72,Elvis Mutapcic,72, Orthodox,185
0,23-07-1987,73,John Hathaway,75, Orthodox,170
0,31-10-1980,67,Waylon Lowe,0, Southpaw,145
0,12-11-1982,74,Thiago Silva,74, Orthodox,205
0,01-05-1988,66,Anistavio Medeiros,0, Orthodox,145
0,16-03-1990,64,Bruno Silva,65, Orthodox,135
0,04-09-1978,61,Roman Mitichyan,0, Orthodox,170
0,08-08-1988,61,Damon Jackson,71, Switch,145
0,12-03-1968,61,Chris Sanford,0, Orthodox,185
0,28-08-1996,65,Carls John De Tomas,71, Southpaw,125
0,05-03-1976,80,Tim Sylvia,80, Orthodox,265
0,12-10-1963,79,Koji Kitao,0, Southpaw,350
0,0,61,Asbel Cancio,0,,225
0,29-08-1983,79,Vinicius Queiroz,0,,220
0,10-10-1989,72,Jordan Mein,73, Orthodox,170
0,22-06-1988,73,Markus Perez,73, Orthodox,185
0,0,0,Tom Blackledge,0,,205
0,02-03-1992,68,Hunter Azure,69, Orthodox,135
0,24-03-1983,61,Brandon Melendez,0, Southpaw,155
0,31-07-1991,67,Thomas Almeida,70, Southpaw,135
0,0,61,Ernie Verdicia,0, Orthodox,199
0,01-01-1976,67,Eiji Mitsuoka,0, Southpaw,145
0,02-05-1990,76,Alex Nicholson,81, Orthodox,185
0,28-02-1979,73,Michael Bisping,75, Orthodox,185
0,03-06-1975,75,Jason MacDonald,80, Orthodox,185
0,15-12-1981,64,Ning Guangyou,64, Southpaw,145
0,04-09-1994,61,Humberto Bandenay,71, Southpaw,145
0,05-02-1990,61,Nah-Shon Burrell,73, Orthodox,170
0,14-04-1981,80,Jack May,79, Switch,255
0,31-01-1987,66,Renan Barao,70, Orthodox,145
0,02-07-1991,68,Hakeem Dawodu,73, Orthodox,145
0,17-03-1988,76,Jairzinho Rozenstruik,78, Orthodox,242
0,07-11-1978,75,Joachim Christensen,76, Orthodox,205
0,09-03-1989,64,Karine Gevorgyan,63,,125
0,29-11-1984,69,Shane Nelson,70, Southpaw,155
0,16-07-1994,61,Manny Bermudez,71, Orthodox,145
0,11-04-1989,73,Dominic Waters,79, Orthodox,170
0,0,69,Roland Payne,0, Orthodox,205
0,26-12-1989,76,Dominick Reyes,77, Southpaw,205
0,14-08-1987,72,Colton Smith,71, Orthodox,155
0,05-08-1988,61,Ian Heinisch,72, Orthodox,185
0,21-04-1991,73,Paulo Costa,72,,185
0,12-12-1985,61,Tristan Connelly,68, Orthodox,170
0,20-06-1965,74,Mike van Arsdale,0, Switch,205
0,13-03-1982,67,Lina Lansberg,65, Orthodox,135
0,0,61,Tai Bowden,0,,230
0,19-07-1982,65,Raphael Assuncao,66, Orthodox,135
0,22-09-1982,74,Paul Georgieff,0, Orthodox,170
0,28-12-1995,74,Brendan Allen,75, Orthodox,185
0,16-01-1996,68,Luigi Vendramini,0, Orthodox,170
0,03-11-1981,61,Steve Bruno,0, Orthodox,170
0,02-09-1981,75,Shamil Abdurakhimov,76, Orthodox,235
0,23-01-1975,75,Tito Ortiz,74, Orthodox,205
0,04-08-1980,69,Iuri Alcantara,71, Southpaw,135
0,21-01-1987,67,Matthew Lopez,69, Southpaw,135
0,22-08-1994,66,Joseph Morales,69, Switch,125
0,19-03-1982,64,Maia Stevenson,62, Orthodox,115
0,19-09-1987,61,Lewis Gonzalez,73, Orthodox,170
0,01-12-1988,72,Richard Walsh,73,,170
0,0,73,Geza Kalman,0,,200
0,16-11-1989,67,Yusuke Kasuya,67, Southpaw,155
0,10-07-1994,61,Austin Lingo,70, Orthodox,145
0,25-01-1981,61,Paulo Thiago,73, Orthodox,170
0,03-06-1992,66,Vernon Ramos,72, Orthodox,170
0,0,80,Gerry Harris,0, Orthodox,270
0,19-11-1984,74,Josh Stansbury,74,,205
0,10-01-1981,72,Matt Brown,75, Orthodox,170
0,0,73,Houston Dorr,0, Orthodox,210
0,0,61,Brian Cobb,0, Orthodox,155
0,11-11-1989,66,Yana Kunitskaya,68, Orthodox,135
0,26-02-1968,61,John Lober,0, Orthodox,199
0,26-11-1974,68,Richie Hightower,0, Orthodox,170
0,0,72,Johnny Rhodes,0, Orthodox,210
0,25-03-1990,61,Stevie Ray,70, Southpaw,155
0,13-02-1993,66,Liu Pingyuan,72, Orthodox,135
0,0,69,John Campetella,0, Orthodox,235
0,0,61,Dwayne Cason,0, Orthodox,212
0,21-10-1965,69,Gil Castillo,0, Southpaw,170
0,02-08-1988,68,Magomed Mustafaev,71, Orthodox,155
0,03-10-1983,69,Thiago Alves,70, Orthodox,170
0,16-08-1989,61,Tecia Torres,60, Orthodox,115
0,20-04-1991,61,Kyle Nelson,71, Switch,155
0,12-09-1977,75,Lee Murray,0, Orthodox,185
0,13-05-1979,66,Fredson Paixao,66, Orthodox,145
0,28-06-1982,73,DaMarques Johnson,75, Orthodox,170
0,17-07-1982,78,Travis Browne,79, Orthodox,255
0,10-03-1990,72,Kenan Song,71, Orthodox,170
0,19-08-1989,66,Julianna Pena,69,,135
0,06-07-1994,69,Randy Costa,73, Switch,135
0,10-12-1989,72,Ben Sosoli,72, Southpaw,265
0,08-05-1993,66,Nathaniel Wood,69, Orthodox,135
0,0,79,Jon Hess,0,,295
0,27-11-1980,72,Brian Ebersole,73, Southpaw,170
0,26-01-1985,66,Chico Camus,66, Orthodox,125
0,01-06-1983,61,Wendell Oliveira,72, Orthodox,170
0,16-03-1993,61,Marc Diakiese,73, Orthodox,155
0,11-01-1986,73,Terry Etim,73, Orthodox,155
0,10-08-1991,72,Oliver Enkamp,77, Switch,170
0,13-12-1971,76,Mike Nickels,0, Orthodox,205
0,06-02-1992,76,Aleksandar Rakic,78, Orthodox,205
0,31-01-1987,61,Aaron Wilkinson,0,,155
0,11-01-1984,69,Eddie Alvarez,69, Orthodox,155
0,18-01-1981,69,Miguel Torres,76, Orthodox,135
0,21-06-1986,61,Jake Lindsey,71, Switch,155
0,13-12-1961,74,Maurice Smith,0, Orthodox,221
0,21-05-1979,72,Scott Smith,70, Orthodox,185
0,12-03-1970,68,Antonio McKee,0, Southpaw,155
0,20-04-1984,75,Michel Batista,0,,260
0,12-02-1992,72,Stefan Sekulic,75, Southpaw,170
0,28-08-1982,61,Karo Parisyan,72, Orthodox,170
0,05-08-1989,69,Aaron Phillips,70, Southpaw,135
0,28-04-1990,67,Darrick Minner,69, Orthodox,145
0,24-06-1989,73,Bradley Scott,76,,170
0,31-05-1988,73,Elias Theodorou,75, Orthodox,185
0,30-12-1994,65,Karol Rosa,67, Orthodox,135
0,11-09-1976,73,Mike Russow,73, Orthodox,255
0,11-10-1981,75,Francis Carmont,78, Orthodox,205
0,16-07-1978,66,Ryan Roberts,0, Orthodox,155
0,18-03-1993,61,Ryan MacDonald,71, Switch,135
0,05-05-1981,67,Mizuto Hirota,67, Orthodox,155
0,06-08-1985,67,Daniel Pineda,69, Orthodox,145
0,25-01-1988,67,Dashon Johnson,70, Orthodox,145
0,04-02-1981,69,Yaotzin Meza,74, Orthodox,145
0,21-11-1986,64,Viviane Araujo,68, Orthodox,125
0,28-07-1990,68,Jose Quinonez,69,,135
0,06-03-1984,74,Anthony Johnson,78, Orthodox,205
0,26-11-1986,75,Ruslan Magomedov,78, Orthodox,242
0,18-01-1971,78,Neil Grove,0, Orthodox,265
0,20-09-1985,65,Sarah Kaufman,67, Orthodox,135
0,26-04-1981,74,Brian Houston,78, Orthodox,185
0,12-11-1990,67,Vince Morales,70, Orthodox,135
0,04-02-1979,75,Andrei Arlovski,77, Orthodox,240
0,19-04-1981,75,Antonio Mendes,77, Southpaw,205
0,22-11-1981,75,Rolando Delgado,77, Orthodox,155
0,11-02-1994,74,Roosevelt Roberts,73, Orthodox,155
0,04-10-1990,73,Karl Roberson,74, Southpaw,185
0,25-11-1991,74,Abdul-Kerim Edilov,78, Orthodox,205
0,30-09-1991,67,Brad Riddell,71, Orthodox,155
0,30-04-1975,72,Jeff Joslin,0, Orthodox,170
0,14-05-1982,74,Razak Al-Hassan,0, Orthodox,205
0,08-08-1986,69,Damir Hadzovic,70, Orthodox,155
0,17-05-1995,65,Gillian Robertson,63,,125
0,21-07-1992,68,Filip Pejic,70, Orthodox,135
0,07-09-1981,68,Patrick Williams,73, Orthodox,135
0,11-01-1971,72,Ivan Salaverry,0, Orthodox,185
0,24-11-1985,69,John Gunther,72, Orthodox,155
0,22-07-1991,69,Lerone Murphy,73, Orthodox,145
0,21-05-1982,68,Ricardo Lamas,71, Orthodox,145
0,22-08-1989,73,Niklas Backstrom,74, Orthodox,145
0,29-11-1990,66,Felicia Spencer,68, Orthodox,145
0,09-09-1983,75,Roger Narvaez,79, Southpaw,185
0,30-11-1982,66,Diego Nunes,67, Orthodox,145
0,22-06-1985,67,Douglas Silva de Andrade,68, Orthodox,145
0,05-11-1992,75,Kevin Holland,81, Orthodox,185
0,27-02-1986,67,Tateki Matsuda,65, Orthodox,125
0,17-06-1984,74,Chris Weidman,78, Orthodox,205
0,20-10-1982,73,Josh Copeland,75, Orthodox,265
0,10-03-1982,69,Jesse Lennox,72, Orthodox,170
0,04-07-1989,67,Danaa Batgerel,70, Orthodox,135
0,05-12-1982,69,Roger Bowling,68, Orthodox,155
0,21-10-1982,72,Johnny Rees,0, Orthodox,170
0,22-05-1984,61,Joe Lauzon,71, Orthodox,155
0,01-08-1990,72,David Zawada,75, Orthodox,170
0,12-05-1987,61,Cameron Dollar,0, Orthodox,155
0,22-09-1978,67,Takanori Gomi,70, Southpaw,155
0,10-11-1981,73,George Roop,72, Orthodox,135
0,17-09-1977,61,Denis Kang,77, Orthodox,185
0,28-04-1978,61,Billy Miles,0, Orthodox,170
0,01-09-1979,61,Tim Kennedy,74, Orthodox,185
0,15-01-1987,77,Alexander Gustafsson,79, Orthodox,205
0,18-03-1986,72,Mike Ricci,77, Southpaw,155
0,20-01-1996,68,Su Mudaerji,72, Southpaw,135
0,13-06-1994,68,Lucie Pudilova,67, Orthodox,125
0,03-03-1983,66,Augusto Mendes,65, Orthodox,135
0,18-08-1987,66,Joanna Jedrzejczyk,65, Orthodox,115
0,0,72,Justin Martin,0,,185
0,03-04-1984,69,Brian Foster,71, Orthodox,170
0,10-06-1985,64,Ali Bagautinov,65, Orthodox,125
0,01-07-1990,74,Craig White,76, Orthodox,170
0,22-05-1987,64,Amanda Lemos,65, Southpaw,135
0,0,0,He-Man Gipson,0,,0
0,0,73,Steven Graham,0, Orthodox,290
0,12-02-1985,68,Yosdenis Cedeno,69, Orthodox,155
0,04-11-1989,69,JC Cottrell,71, Orthodox,155
0,01-07-1982,66,Cat Zingano,68, Southpaw,145
0,12-05-1980,73,Damian Grabowski,75, Orthodox,241
0,08-01-1991,61,Michael Graves,71,,170
0,0,76,Scott Bessac,0,,245
0,27-08-1982,68,Akira Corassani,68, Orthodox,145
0,20-10-1986,61,Paul Redmond,70, Orthodox,145
0,20-06-1976,72,Roy Nelson,72, Orthodox,263
0,11-05-1986,75,Dequan Townsend,79, Orthodox,205
0,10-05-1995,68,Yoshinori Horie,70, Orthodox,145
0,0,73,Todd Butler,0, Southpaw,200
0,24-08-1986,69,Charles Rosa,69, Switch,145
0,18-11-1984,64,DeAnna Bennett,68,,125
0,28-09-1976,69,Din Thomas,0, Orthodox,155
0,16-02-1986,68,Mark Eddiva,68, Orthodox,145
0,07-05-1986,61,Jodie Esquibel,64, Orthodox,115
0,26-11-1987,74,Chris Spang,0, Orthodox,170
0,09-01-1978,73,David Terrell,0, Southpaw,185
0,24-04-1984,74,Alan Belcher,73, Orthodox,185
0,20-11-1997,74,Edmen Shahbazyan,74, Orthodox,185
0,0,72,Chris Condo,0, Orthodox,335
0,09-03-1989,75,Raphael Pessoa,78, Orthodox,262
0,05-05-1980,73,Rob Yundt,0, Orthodox,185
0,27-04-1985,64,Sijara Eubanks,67,,135
0,06-11-1977,73,Demian Maia,72, Southpaw,170
0,12-12-1966,73,Royce Gracie,0, Southpaw,175
0,20-02-1990,65,Damian Stasiak,70, Orthodox,135
0,30-05-1983,69,Bart Palaszewski,70, Orthodox,145
0,06-10-1973,78,Cyrille Diabate,81, Southpaw,205
0,0,72,Steve Byrnes,0, Orthodox,170
0,15-06-1988,68,Gabriel Benitez,71, Southpaw,145
0,19-08-1994,63,Mizuki Inoue,65, Orthodox,125
0,0,61,Paul Herrera,0, Orthodox,185
0,02-07-1983,67,Reuben Duran,69, Orthodox,135
0,09-05-1991,75,Augusto Sakai,77, Orthodox,265
0,06-12-1974,67,Jens Pulver,70, Southpaw,145
0,09-03-1986,73,Michael McBride,75, Orthodox,155
0,31-10-1981,68,Katsunori Kikuno,66, Orthodox,145
0,14-07-1974,61,Falaniko Vitale,0, Orthodox,185
0,09-06-1984,61,Muslim Salikhov,70, Orthodox,170
0,24-09-1982,67,Roxanne Modafferi,69,,125
0,19-07-1986,62,Hector Sandoval,64, Orthodox,125
0,0,61,Marcelo Aguiar,0, Orthodox,170
0,27-03-1987,67,Renee Forte,71, Orthodox,155
0,0,0,Frank Caracci,0,,0
0,22-12-1992,68,Leonardo Morales,68, Southpaw,135
0,16-08-1979,69,Ron Faircloth,0, Orthodox,205
0,0,67,Minoki Ichihara,0, Orthodox,178
0,08-06-1979,72,Jason Novelli,75, Orthodox,155
0,28-09-1976,67,Jordan Radev,0, Southpaw,185
0,22-04-1991,69,Chris Gutierrez,67, Orthodox,135
0,23-11-1992,61,Sean Brady,72, Orthodox,170
0,0,72,Mark Robinson,0, Orthodox,265
0,06-10-1986,61,Masio Fullen,70, Orthodox,145
0,16-01-1993,61,Chris Avila,72, Orthodox,145
0,01-12-1985,67,Shinsho Anzai,70, Orthodox,170
0,0,76,Yuri Vaulin,0, Southpaw,197
0,07-06-1992,74,Sean Woodson,78, Orthodox,145
0,19-10-1983,72,Gokhan Saki,73, Orthodox,205
0,29-04-1983,67,Valerie Letourneau,68, Orthodox,115
0,08-12-1981,73,Joey Beltran,75, Orthodox,185
0,28-08-1963,74,Patrick Smith,0, Orthodox,225
0,10-03-1986,69,Abu Azaitar,76, Orthodox,185
0,30-03-1994,67,Miles Johns,66, Orthodox,135
0,31-03-1973,72,Reese Andy,0, Orthodox,205
0,0,74,Larry Cureton,0, Orthodox,240
0,27-08-1982,61,Ryan Couture,75, Orthodox,155
0,31-08-1982,72,Daniel Omielanczuk,74, Southpaw,247
0,30-08-1979,64,Barb Honchak,65,,125
0,17-05-1982,72,Dan Hardy,74, Orthodox,170
0,28-05-1977,66,Andy Wang,0, Orthodox,155
0,30-10-1995,64,Veronica Macedo,64, Southpaw,125
0,29-06-1992,65,Rose Namajunas,65, Orthodox,115
0,12-11-1984,61,Jorge Masvidal,74, Orthodox,170
0,22-12-1986,61,Zak Ottow,72, Orthodox,170
0,31-10-1985,74,Dan Cramer,0, Orthodox,170
0,15-03-1977,64,Norifumi Yamamoto,66, Southpaw,135
0,13-06-1989,66,Deron Winn,70, Orthodox,185
0,13-04-1983,74,Ben Saunders,77, Orthodox,170
0,03-04-1977,73,Chael Sonnen,74, Southpaw,205
0,16-12-1983,67,Takeya Mizugaki,68, Orthodox,135
0,11-07-1981,66,Josh Clopton,68, Orthodox,145
0,13-03-1977,79,Brad Imes,0, Orthodox,265
0,30-07-1977,76,Fabricio Werdum,77, Orthodox,231
0,24-06-1987,67,Brendan O'Reilly,69, Orthodox,170
0,0,77,David Levicki,0,,275
0,07-07-1975,61,Jason Brilz,71, Orthodox,205
0,0,0,Jackie Lee,0,,0
0,10-06-1981,73,Nordine Taleb,74, Orthodox,170
0,30-08-1979,64,Neil Seery,64, Orthodox,125
0,16-01-1984,61,Eddie Mendez,76,,185
0,17-09-1991,75,Tyson Pedro,79, Orthodox,205
0,12-03-1980,75,Icho Larenas,0, Orthodox,235
0,10-11-1988,69,David Michaud,72, Orthodox,155
0,31-01-1991,61,Cesar Arzamendia,71,,155
0,0,72,John Lewis,0, Southpaw,155
0,16-10-1983,68,Maximo Blanco,71, Orthodox,145
0,11-02-1983,72,Stephen Thompson,75, Orthodox,170
0,10-08-1985,64,Randa Markos,63, Orthodox,115
0,23-11-1985,61,Jason Saggo,71, Orthodox,155
0,31-08-1990,69,Alexis Dufresne,68, Orthodox,135
0,02-05-1982,72,Alberto Mina,77, Orthodox,170
0,05-10-1972,75,Anthony Perosh,75, Orthodox,205
0,20-02-1984,74,Tim Means,75, Orthodox,170
0,01-03-1977,74,James Zikic,0, Orthodox,205
0,17-09-1987,61,Hector Urbina,73, Orthodox,170
0,02-08-1984,72,Zak Cummings,75, Southpaw,185
0,10-03-1979,73,Vitor Miranda,77, Orthodox,185
0,11-05-1985,61,Chas Skelly,72, Orthodox,145
0,05-01-1990,72,Domingo Pilarte,73, Southpaw,135
0,12-02-1988,61,Luke Jumeau,72, Orthodox,170
0,04-10-1984,66,Alexis Davis,68, Orthodox,125
0,01-10-1983,73,Ryan LaFlare,74, Southpaw,170
0,12-04-1974,66,Mikey Burnett,0, Orthodox,170
0,30-03-1988,61,Dan Lauzon,0, Orthodox,155
0,31-07-1993,68,Shane Young,72, Orthodox,145
0,15-05-1983,72,Tom Lawlor,74, Southpaw,205
0,26-03-1994,64,Paige VanZant,65, Orthodox,115
0,0,61,Brad Gumm,0, Orthodox,170
0,18-05-1995,75,Jalin Turner,77, Southpaw,155
0,0,77,Harry Moskowitz,0, Orthodox,275
0,22-07-1996,72,Wellington Turman,72, Orthodox,185
0,19-08-1989,73,Krzysztof Jotko,77, Southpaw,185
0,26-05-1985,72,Lyman Good,74, Orthodox,170
0,18-01-1996,61,Loma Lookboonmee,61, Orthodox,115
0,11-11-1978,75,Wesley Correira,0, Orthodox,260
0,30-07-1987,69,Anthony Christodoulou,72, Orthodox,155
0,02-02-1988,69,Herbert Burns,73, Orthodox,145
0,09-02-1982,73,Jake Rosholt,0, Orthodox,185
0,23-04-1982,66,Diego Saraiva,0, Orthodox,155
0,26-09-1984,68,Ross Pearson,69, Orthodox,155
0,12-07-1981,61,Carlos Eduardo Rocha,70, Orthodox,170
0,20-04-1978,72,Daiju Takase,0, Southpaw,170
0,25-06-1981,61,Carlo Prater,72, Switch,155
0,10-02-1976,61,David Heath,72, Orthodox,205
0,11-07-1991,65,Izabela Badurek,0, Orthodox,115
0,23-04-1984,69,Sam Stout,70, Orthodox,155
0,0,75,Thaddeus Luster,0,,210
0,19-08-1977,76,Ricco Rodriguez,0, Orthodox,265
0,20-07-1983,72,Pat Healy,74, Orthodox,155
0,08-04-1983,75,Ovince Saint Preux,80, Southpaw,205
0,04-05-1990,64,Molly McCann,62, Orthodox,125
0,30-07-1984,75,Shane Primm,0, Orthodox,205
0,04-06-1986,61,Michael Johnson,73, Southpaw,155
0,12-07-1977,75,Brock Lesnar,81, Orthodox,265
0,27-11-1991,61,Daichi Abe,71, Orthodox,170
0,19-10-1988,68,Drew Dober,70, Southpaw,155
0,19-02-1984,66,Liz Carmouche,66, Orthodox,125
0,28-10-1979,72,Mike Ciesnolevicz,0, Orthodox,235
0,03-11-1980,69,Mackens Semerzier,72, Orthodox,145
0,27-02-1987,61,Thibault Gouti,72, Orthodox,155
0,04-04-1992,67,Allan Zuniga,70, Orthodox,155
0,06-07-1987,75,Hans Stringer,73, Orthodox,205
0,12-12-1984,61,Court McGee,75, Orthodox,170
0,11-06-1993,66,Luana Carolina,69, Orthodox,125
0,03-08-1978,67,Johnny Eduardo,71, Orthodox,135
0,22-09-1986,61,Elias Silverio,73, Orthodox,155
0,04-09-1996,61,Youssef Zalal,72, Switch,145
0,18-03-1972,72,Nate Quarry,72, Open Stance,185
0,16-03-1990,74,Antonio Carlos Junior,79, Orthodox,185
0,02-01-1979,72,Igor Pokrajac,76, Orthodox,205
0,24-08-1976,72,Floyd Sword,0, Orthodox,185
0,11-12-1989,72,Anthony Rocco Martin,73, Orthodox,170
0,30-04-1988,67,Sarah Moras,67,,135
0,0,74,Jay Silva,0, Southpaw,185
0,0,0,Jack Nilson,0,,0
0,28-08-1984,61,Jon Tuck,73, Orthodox,155
0,25-07-1984,68,Eric Wisely,0, Southpaw,145
0,26-08-1988,61,Lance Benoist,73, Southpaw,170
0,19-05-1991,76,Jamahal Hill,79, Southpaw,205
0,25-05-1991,69,Albert Morales,72, Orthodox,135
0,19-06-1983,66,Richie Vaculik,69, Orthodox,125
0,28-05-1976,74,Rory Singer,77, Orthodox,185
0,05-03-1986,66,Roberto Sanchez,66, Orthodox,125
0,19-10-1981,69,Gilbert Smith,75, Southpaw,185
0,24-12-1985,61,Jesse Ronson,72, Southpaw,155
0,08-10-1976,69,Ryo Chonan,70, Orthodox,170
0,11-08-1990,68,Rolando Dy,69, Orthodox,145
0,23-02-1989,69,Olivier Aubin-Mercier,70, Southpaw,155
0,06-08-1985,67,Chris Beal,69, Orthodox,125
0,05-08-1987,69,Dustin Pague,74, Orthodox,135
0,14-06-1980,61,Claude Patrick,75, Orthodox,170
0,04-08-1983,75,Mike King,75,,185
0,16-11-1979,67,David Kaplan,0, Orthodox,155
0,05-04-1989,61,Cole Smith,67, Orthodox,135
0,20-02-1991,67,Shanna Young,65, Orthodox,135
0,31-03-1980,76,Mike Kyle,77, Orthodox,205
0,22-09-1985,74,Chuck O'Neil,0,,170
0,21-02-1981,67,Chris Kelades,68, Orthodox,125
0,0,74,Courtney Turner,0,,170
0,03-01-1987,67,Mike Grundy,72, Orthodox,145
0,29-06-1988,75,Cody East,74, Orthodox,245
0,31-05-1981,61,Matt Veach,0, Orthodox,155
0,24-05-1985,72,Hernani Perpetuo,74, Orthodox,170
0,30-05-1982,66,Ivan Menjivar,64, Orthodox,145
0,0,72,Rainy Martinez,0, Orthodox,199
0,04-12-1990,64,Roldan Sangcha-an,65, Orthodox,125
0,26-03-1988,69,Irene Aldana,68, Orthodox,135
0,24-09-1980,73,Brian Stann,74, Orthodox,205
0,19-04-1983,64,Zach Makovsky,64, Southpaw,125
0,21-02-1988,61,Alex Oliveira,76, Orthodox,170
0,14-10-1985,61,Tony Sims,70, Southpaw,155
0,12-03-1984,65,Issei Tamura,63, Orthodox,135
0,04-08-1987,75,Jonathan Meunier,75, Switch,170
0,06-06-1988,69,Nate Landwehr,72, Orthodox,145
0,21-06-1984,72,Erick Silva,74, Orthodox,170
0,0,72,Sione Latu,0,,215
0,02-03-1994,75,Joel Alvarez,77, Orthodox,155
0,0,61,Per Eklund,72, Orthodox,155
0,12-07-1990,61,Cody Pfister,73, Orthodox,155
0,30-04-1987,61,Al Iaquinta,70, Orthodox,155
0,02-08-1977,73,Krzysztof Soszynski,77, Open Stance,205
0,06-10-1993,73,Michel Pereira,73, Orthodox,170
0,23-01-1961,73,Marco Ruas,0, Orthodox,210
0,31-08-1992,66,Ricky Simon,69, Orthodox,135
0,0,76,Kevin Rosier,0, Orthodox,275
0,0,72,Jesse Sanders,0, Orthodox,170
0,18-07-1985,74,Darrill Schoonover,0, Orthodox,220
0,25-04-1985,69,Manuel Rodriguez,68, Orthodox,170
0,25-04-1981,72,Clifford Starks,77, Orthodox,185
0,06-01-1985,64,Wilson Reis,65, Southpaw,125
0,0,72,David Hood,0,,200
0,04-03-1987,64,Talita Bernardo,68, Orthodox,135
0,01-11-1982,74,Mike Massenzio,73, Southpaw,185
0,30-12-1984,74,Nick Osipczak,76, Orthodox,170
0,28-08-1984,69,Rick Story,71, Southpaw,170
0,30-07-1974,73,Kristof Midoux,0, Orthodox,220
0,21-02-1994,67,Matt Sayles,68, Orthodox,145
0,29-07-1976,72,Jay Hieron,75, Orthodox,170
0,02-06-1969,61,Chris Haseman,0, Orthodox,205
0,03-06-1975,75,Jason Lambert,75, Orthodox,185
0,31-12-1991,61,Michael Trizano,71, Orthodox,155
0,15-12-1988,68,Poliana Botelho,67, Orthodox,115
0,14-04-1980,73,Rafael Feijao,73, Orthodox,205
0,10-10-1989,61,Marcin Bandel,70, Orthodox,155
0,0,74,Jason Godsey,0, Orthodox,230
0,03-05-1983,75,Bubba McDaniel,75, Southpaw,185
0,10-08-1983,74,CB Dollaway,76, Orthodox,185
0,06-02-1974,68,Zach Light,0, Orthodox,170
0,30-08-1981,67,Cole Escovedo,72, Orthodox,135
0,16-07-1977,63,Rosi Sexton,63, Orthodox,135
0,22-09-1989,75,Corey Anderson,79, Orthodox,205
0,22-12-1984,61,Michel Quinones,73, Orthodox,155
0,07-02-1991,65,Yao Zhikui,64, Orthodox,125
0,23-08-1977,61,Brock Larson,71, Southpaw,170
0,04-08-1984,68,Bryan Caraway,68, Orthodox,135
0,30-09-1976,69,Yves Edwards,73, Southpaw,155
0,05-05-1987,67,Cortney Casey,67, Orthodox,115
0,17-06-1977,72,Andrei Semenov,0, Orthodox,185
0,26-11-1974,61,John Kolosci,0, Orthodox,185
0,21-01-1988,68,Andre Ewell,75, Southpaw,135
0,13-01-1979,66,Dennis Siver,70, Orthodox,145
0,11-06-1985,68,Daron Cruickshank,72, Switch,155
0,25-07-1982,69,Tom Niinimaki,69, Orthodox,145
0,12-07-1977,76,Soa Palelei,81, Orthodox,265
0,12-07-1972,61,Keiichiro Yamamiya,0, Southpaw,185
0,28-09-1991,65,Tony Gravely,69, Orthodox,135
0,0,69,Josh Stuart,0,,160
0,12-06-1995,68,Kyler Phillips,72, Orthodox,135
0,30-07-1984,61,Steve Lopez,0, Orthodox,155
0,10-02-1978,75,Jonathan Wiezorek,0, Southpaw,250
0,14-10-1988,61,Josh Grispi,74, Orthodox,145
0,04-12-1975,72,Julio Paulino,0, Orthodox,170
0,01-07-1989,75,Antonio Arroyo,73, Orthodox,185
0,13-10-1973,69,Matt Hughes,73, Switch,170
0,15-07-1984,0,Edward Faaloloto,70,,155
0,12-05-1973,61,Travis Lutter,75, Orthodox,185
0,23-02-1987,75,James Vick,76, Orthodox,155
0,19-11-1974,74,Tom Murphy,0, Southpaw,227
0,10-07-1975,75,Pete Williams,0, Orthodox,235
0,21-04-1984,61,Kajan Johnson,75, Orthodox,155
0,09-07-1985,68,Cris Cyborg,68, Orthodox,145
0,17-10-1981,68,Holly Holm,69, Southpaw,135
0,14-07-1988,75,Marcin Prachnio,74, Orthodox,205
0,28-06-1995,69,Jacob Kilburn,72, Orthodox,145
0,11-07-1985,74,Brandon Thatch,74, Switch,170
0,11-02-1964,73,Ken Shamrock,72, Orthodox,205
0,30-01-1984,76,Junior Dos Santos,77, Orthodox,238
0,20-11-1970,69,Lance Gibson,0, Orthodox,185
0,13-03-1969,61,Yoshiki Takahashi,0, Southpaw,199
0,03-02-1984,69,Phillipe Nover,72, Orthodox,145
0,04-09-1982,61,Abner Lloveras,71,,155
0,04-10-1990,65,Michinori Tanaka,67, Orthodox,135
0,10-07-1985,61,Brock Jardine,73, Orthodox,170
0,21-01-1986,61,Edson Barboza,75, Orthodox,155
0,22-11-1992,61,Punahele Soriano,72, Southpaw,185
0,19-05-1981,61,Georges St-Pierre,76, Orthodox,185
0,15-10-1979,66,Darren Uyenoyama,64, Orthodox,125
0,18-02-1988,61,Joe Duffy,73, Orthodox,155
0,26-01-1994,66,Ariane Lipski,67, Orthodox,125
0,31-07-1984,72,Uriah Hall,79, Orthodox,185
0,07-07-1979,61,Pat Barry,74, Orthodox,235
0,22-05-1984,61,Keita Nakamura,73, Southpaw,170
0,20-04-1992,61,Cory Sandhagen,70, Switch,135
0,0,72,Victor Valimaki,0, Orthodox,205
0,0,73,Matt Lucas,0,,205
0,0,61,Royce Alger,0, Orthodox,199
0,06-02-1986,61,Andrew Holbrook,70, Southpaw,155
0,21-11-1986,72,Dan Moret,73, Southpaw,155
0,0,67,Marcelo Mello,0, Southpaw,170
0,22-06-1983,65,Bethe Correia,64, Orthodox,135
0,24-05-1994,61,Josh Culibao,73, Orthodox,155
0,16-02-1985,74,Logan Clark,0, Orthodox,185
0,22-01-1982,73,Tomasz Drwal,76, Orthodox,205
0,05-03-1989,66,Ericka Almeida,68,,115
0,15-01-1990,68,Matt Schnell,70, Orthodox,125
0,27-02-1987,75,Misha Cirkunov,77, Orthodox,205
0,01-11-1979,74,Brad Morris,0, Orthodox,205
0,13-07-1982,73,Tom Watson,73, Orthodox,185
0,23-07-1986,67,Jay Cucciniello,0, Orthodox,155
0,10-08-1971,61,Kevin Randleman,0, Orthodox,205
0,14-02-1978,61,Steve Vigneault,0, Orthodox,185
0,27-01-1988,61,Dominique Steele,74, Orthodox,170
0,13-02-1976,73,Dean Lister,75, Orthodox,185
0,12-11-1990,72,Don Madge,72, Southpaw,155
0,10-12-1993,65,Tracy Cortez,65, Orthodox,135
0,30-11-1980,67,Luke Caudillo,0, Orthodox,155
0,04-01-1975,74,Shane Carwin,80, Orthodox,265
0,16-09-1992,61,Jeremy Kennedy,71, Orthodox,145
0,03-10-1983,61,Leo Kuntz,74, Orthodox,155
0,11-05-1986,67,Joseph Sandoval,0, Southpaw,135
0,20-05-1988,61,Andreas Stahl,73, Orthodox,170
0,05-02-1976,76,Antoni Hardonk,78, Orthodox,245
0,04-04-1991,72,An Ying Wang,0, Orthodox,170
0,06-03-1994,68,Mads Burnell,69, Orthodox,145
0,0,75,Ryan Parker,0, Southpaw,235
0,17-05-1988,74,Jeff Hughes,77, Orthodox,250
0,25-09-1991,61,Jessica Andrade,62, Orthodox,115
0,26-10-1984,68,Rafael Dos Anjos,70, Southpaw,170
0,18-05-1998,65,Maycee Barber,65, Switch,125
0,10-10-1980,68,Terry Martin,71, Orthodox,185
0,18-08-1996,61,Ismail Naurdiev,74, Orthodox,170
0,24-04-1978,76,Marcio Cruz,0, Orthodox,232
0,18-12-1987,73,Gerald Meerschaert,77, Southpaw,185
0,26-07-1974,72,Tony DeSouza,70, Southpaw,170
0,31-01-1981,72,Maciej Jewtuszko,0, Southpaw,155
0,0,61,Neil Wain,0, Orthodox,242
0,05-06-1976,61,Joey Gilbert,0, Orthodox,155
0,07-09-1986,66,Pedro Munhoz,65, Orthodox,135
0,01-03-1980,73,Anthony Njokuani,75, Orthodox,155
0,28-06-1991,66,Bruno Korea,65,,135
0,20-11-1986,74,Chris Camozzi,76, Orthodox,185
0,17-10-1984,72,Kevin Souza,74, Orthodox,145
0,13-03-1981,72,George Sullivan,73, Orthodox,170
0,28-11-1987,65,Jessica-Rose Clark,64, Orthodox,125
0,29-09-1982,73,Che Mills,76, Orthodox,170
0,0,0,Felix Lee Mitchell,0, Orthodox,0
0,24-07-1969,61,Jason DeLucia,0, Southpaw,190
0,26-09-1986,72,Santiago Ponzinibbio,73, Orthodox,170
0,27-11-1991,61,Vicente Luque,75, Orthodox,170
0,09-01-1992,67,Ode Osbourne,73, Southpaw,135
0,0,75,Sean Gannon,0, Southpaw,265
0,10-04-1980,61,Joshua Burkman,72, Orthodox,170
0,25-01-1983,74,Ron Stallings,75, Southpaw,170
0,21-01-1987,68,Willie Gates,70, Orthodox,125
0,06-10-1983,67,Tyson Nam,68, Orthodox,125
0,14-02-1984,61,Kenny Robertson,74, Orthodox,170
0,0,68,Alberta Cerra Leon,0,,238
0,17-07-1992,72,Sung Bin Jo,72, Orthodox,145
0,15-11-1995,65,Nadia Kassem,66, Southpaw,125
0,03-05-1988,61,Paddy Holohan,69, Orthodox,125
0,19-12-1990,76,Steve Montgomery,75, Southpaw,185
0,31-05-1992,72,Jessin Ayari,73, Orthodox,155
0,22-02-1993,75,John Allan,75, Orthodox,205
0,0,61,Steve Judson,0, Orthodox,230
0,30-07-1977,69,Josh Haynes,0, Orthodox,170
0,21-04-1986,77,Philip De Fries,82, Orthodox,250
0,24-02-1978,72,Jon Fitch,76, Orthodox,170
0,13-12-1986,66,Dennis Bermudez,66, Orthodox,155
0,06-09-1982,61,Claudio Silva,71, Southpaw,170
0,05-09-1980,69,Jacob Volkmann,71, Southpaw,155
0,13-08-1984,68,Nik Lentz,68, Orthodox,155
0,29-09-1992,65,JJ Aldrich,67, Southpaw,125
0,11-09-1987,61,Cody Gibson,71, Orthodox,135
0,07-05-1984,65,Ian McCall,64, Orthodox,125
0,06-09-1988,69,Jared Gordon,68, Orthodox,155
0,09-08-1968,72,Hugo Duarte,0, Orthodox,240
0,01-05-1984,68,Anton Kuivanen,72, Orthodox,155
0,25-03-1997,67,Sabina Mazo,70, Orthodox,125
0,04-03-1996,74,Jimmy Crute,74, Orthodox,205
0,06-04-1988,61,Alen Amedovski,74, Orthodox,185
0,09-02-1988,68,Felipe Arantes,73, Orthodox,135
0,0,61,Stevie Lynch,0, Orthodox,170
0,27-07-1978,66,Joe Jordan,0, Orthodox,155
0,13-01-1988,61,Derrick Krantz,72, Orthodox,170
0,06-07-1987,74,Nick Roehrick,75, Orthodox,205
0,01-05-1981,61,Kiichi Kunimoto,71, Orthodox,170
0,19-10-1988,72,Sabah Homasi,72, Orthodox,170
0,18-02-1980,68,Ross Pointon,0, Orthodox,170
0,01-02-1980,69,Troy Mandaloniz,0, Orthodox,170
0,0,72,Christophe Leninger,0, Southpaw,200
0,24-12-1992,72,Klidson Abreu,74, Orthodox,205
0,27-07-1983,65,Lauren Murphy,67, Orthodox,125
0,21-02-1988,67,Roman Salazar,67, Orthodox,135
0,12-10-1986,73,Marcos Mariano,76, Switch,155
0,03-07-1987,75,Adam Milstead,76, Orthodox,205
0,18-03-1980,73,Kyle Noke,76, Southpaw,170
0,30-10-1979,69,Ansar Chalangov,0, Orthodox,170
0,0,75,Dmitri Stepanov,0, Orthodox,217
0,13-12-1978,69,BJ Penn,70, Orthodox,155
0,02-06-1976,74,Rogerio Nogueira,75, Southpaw,205
0,02-12-1977,61,Romie Aram,0, Orthodox,170
0,11-11-1988,72,Lucas Martins,72, Southpaw,145
0,24-03-1993,64,Mackenzie Dern,63, Orthodox,115
0,15-04-1978,72,Ricardo Romero,76, Orthodox,205
0,02-03-1978,76,Heath Herring,78, Orthodox,250
0,0,75,Remco Pardoel,0, Southpaw,260
0,26-02-1990,73,Khalil Rountree Jr.,76, Southpaw,205
0,14-05-1990,72,Alvaro Herrera,74,,155
0,07-12-1993,76,Da-Un Jung,78, Orthodox,205
0,0,73,Joe Pardo,0, Southpaw,210
0,26-03-1988,61,Calvin Kattar,72, Orthodox,145
0,13-04-1992,67,Miranda Granger,68, Orthodox,125
0,15-03-1982,65,Juliana Lima,65, Orthodox,115
0,05-08-1982,74,Dmitrii Smoliakov,74, Switch,253
0,07-08-1982,73,Edwin DeWees,0, Orthodox,185
0,14-07-1979,61,Shane Roller,72, Orthodox,155
0,07-10-1983,61,Gleison Tibau,71, Southpaw,155
0,18-02-1976,73,Justin McCully,73, Orthodox,225
0,18-05-1989,61,Frank Camacho,73, Orthodox,170
0,28-08-1976,74,Josh Hendricks,0, Southpaw,235
0,07-08-1983,67,Henry Martinez,68, Southpaw,155
0,12-02-1980,72,Jon Madsen,72, Orthodox,240
0,17-08-1982,69,Leslie Smith,66, Orthodox,135
0,11-02-1994,67,Movsar Evloev,72, Orthodox,145
0,11-10-1983,61,Charles Byrd,73, Orthodox,185
0,0,69,Mark Scanlon,0, Orthodox,170
0,15-11-1982,64,Lisa Ellis,62,,115
0,06-04-1994,61,Benito Lopez,73, Switch,135
0,15-11-1975,73,David Roberts,0, Orthodox,170
0,14-04-1987,68,Nad Narimani,70, Orthodox,145
0,15-08-1985,72,Valmir Lazaro,73, Orthodox,155
0,12-12-1989,72,Alessio Di Chirico,74, Orthodox,185
0,14-05-1979,66,Urijah Faber,67, Orthodox,135
0,0,72,Keigo Kunihara,0, Orthodox,235
0,21-01-1987,72,Shane Campbell,71, Orthodox,155
0,12-04-1990,76,Ciryl Gane,81, Orthodox,245
0,15-06-1989,72,Justin Frazier,75, Southpaw,265
0,05-08-1981,73,Zu Anyanwu,77, Orthodox,251
0,15-10-1986,61,Khama Worthy,74, Orthodox,155
0,07-03-1989,65,Journey Newson,67, Orthodox,135
0,07-12-1993,67,Brandon Moreno,70, Orthodox,125
0,15-06-1982,67,Joe Stevenson,70, Orthodox,145
0,05-07-1979,61,John Alessio,72, Orthodox,155
0,0,69,Amaury Bitetti,0, Orthodox,185
0,11-09-1982,61,Gasan Umalatov,71, Orthodox,170
0,08-04-1981,69,Bernardo Magalhaes,65, Orthodox,155
0,07-12-1979,73,Jacare Souza,72, Orthodox,185
0,20-06-1988,61,Alex Caceres,73, Southpaw,145
0,01-07-1976,69,Amar Suloev,0, Orthodox,183
0,23-12-1978,61,Fabricio Camoes,73, Orthodox,155
0,20-09-1993,72,Marvin Vettori,74, Southpaw,185
0,04-08-1988,72,Paul Sass,73, Orthodox,155
0,10-03-1990,61,Zhang Lipeng,71, Southpaw,155
0,12-06-1986,77,Matt Van Buren,76,,205
0,19-12-1991,66,Brad Katona,64, Orthodox,135
0,0,69,Valeri Ignatov,0, Orthodox,170
0,03-05-1972,61,Shonie Carter,0, Southpaw,170
0,10-06-1967,67,Eddie Ruiz,0, Orthodox,155
0,18-01-1981,68,Luis Ramos,0, Orthodox,170
0,20-02-1981,75,Cody Donovan,74, Orthodox,205
0,13-10-1986,68,John Albert,68,,135
0,28-05-1989,69,Eduardo Garagorri,70, Orthodox,145
0,19-08-1986,66,Brian Kelleher,66, Switch,135
0,16-12-1987,72,Cody McKenzie,72, Switch,155
0,24-09-1980,66,Sara McMann,66, Orthodox,135
0,11-09-1977,61,Sean Salmon,0, Southpaw,185
0,06-01-1981,72,Riki Fukuda,73, Southpaw,185
0,07-10-1989,61,Ulka Sasaki,71, Southpaw,125
0,18-11-1982,74,Ildemar Alcantara,78, Orthodox,185
0,02-12-1992,68,Marlon Vera,70, Switch,135
0,01-04-1993,66,Jinsoo Son,69, Orthodox,135
0,05-12-1991,72,Brok Weaver,73, Southpaw,170
0,0,0,Paulo Santos,0,,0
0,09-03-1988,69,Drakkar Klose,70, Orthodox,155
0,13-05-1983,61,Yan Cabral,73, Orthodox,155
0,04-10-1978,72,Milton Vieira,72, Orthodox,145
0,08-01-1983,74,Colin Fletcher,78, Orthodox,155
0,31-03-1976,69,Rich Clementi,72, Southpaw,155
0,23-06-1981,73,Nick Thompson,74, Orthodox,170
0,0,72,Scott Baker,0,,210
0,09-05-1979,69,Gray Maynard,70, Orthodox,155
0,16-12-1982,61,Adriano Martins,72, Southpaw,155
0,30-05-1988,63,Virna Jandiroba,64, Orthodox,115
0,26-03-1990,72,Bobby Nash,74, Orthodox,170
0,23-02-1978,74,Ruan Potts,75, Orthodox,247
0,21-08-1982,69,Daniel Sarafian,73, Orthodox,185
0,13-05-1986,73,Arjan Bhullar,75, Orthodox,245
0,25-05-1977,61,Brad Blackburn,73, Orthodox,170
0,29-11-1984,69,Rashid Magomedov,70, Orthodox,155
0,08-10-1981,68,Francisco Rivera,68, Orthodox,135
0,04-11-1982,74,Eddie Sanchez,74, Orthodox,230
0,25-01-1995,72,Zelim Imadaev,76, Orthodox,170
0,30-12-1986,72,Wagner Prado,74, Southpaw,205
0,02-09-1981,72,Alessio Sakara,72, Orthodox,185
0,15-03-1978,75,Travis Wiuff,0, Orthodox,205
0,28-10-1979,74,Glover Teixeira,76, Orthodox,205
0,11-08-1995,74,Alex Gorgees,74, Switch,155
0,08-09-1986,78,Christian Morecraft,81, Orthodox,260
0,15-02-1973,66,David Baron,0, Switch,155
0,14-02-1995,67,Montana De La Rosa,68,,125
0,08-05-1978,67,Tatsuya Kawajiri,69, Orthodox,145
0,02-09-1989,66,Alejandro Perez,67, Orthodox,135
0,13-03-1983,66,Nam Phan,70, Orthodox,135
0,17-10-1977,72,Joe Slick,0, Orthodox,199
0,31-07-1984,64,Joseph Benavidez,65, Southpaw,125
0,30-05-1988,68,Amanda Nunes,69, Orthodox,135
0,07-09-1987,61,Yancy Medeiros,75, Orthodox,155
0,12-04-1989,72,Rick Glenn,70, Southpaw,145
0,19-11-1985,72,Erick Montano,73, Orthodox,170
0,13-02-1971,75,Elvis Sinosic,77, Orthodox,205
0,06-04-1985,64,Marcus Brimage,71, Southpaw,135
0,21-07-1988,61,Antonio Dos Santos,72, Orthodox,185
0,16-07-1969,72,Melton Bowen,0, Orthodox,225
0,02-05-1993,63,Jarred Brooks,62, Switch,125
0,29-12-1980,76,Josh Shockman,0, Southpaw,235
0,22-02-1992,75,Rob Wilkinson,80, Orthodox,185
0,26-09-1984,65,Dileno Lopes,65,,135
0,06-08-1991,67,Dan Ige,71, Orthodox,145
0,17-10-1995,68,Raulian Paiva,69, Orthodox,125
0,03-06-1986,66,Mara Romero Borella,69, Orthodox,125
0,23-08-1992,74,Miguel Baeza,74, Orthodox,170
0,31-12-1981,61,Diego Sanchez,72, Southpaw,170
0,14-09-1979,76,Antonio Silva,80, Orthodox,264
0,16-04-1985,72,Nate Diaz,76, Southpaw,170
0,0,72,Fabio Gurgel,0, Orthodox,205
0,29-12-1989,65,Sheila Gaff,62, Orthodox,135
0,13-08-1993,61,Joe Gigliotti,69, Orthodox,185
0,25-09-1980,73,Clay Harvison,74,,170
0,16-01-1992,77,Juan Adams,80, Orthodox,265
0,22-11-1970,64,Joe Son,0, Orthodox,236
0,0,72,Cory Walmsley,0, Orthodox,205
0,0,72,Michael Patt,0, Orthodox,205
0,15-01-1986,69,Efrain Escudero,70, Orthodox,155
0,03-08-1988,65,Ben Nguyen,65, Switch,125
0,28-06-1980,74,Sam Hoger,0, Orthodox,205
0,04-08-1978,61,Duane Ludwig,70, Orthodox,170
0,03-08-1987,75,Neil Magny,80, Orthodox,170
0,13-11-1986,67,Gregor Gillespie,71, Orthodox,155
0,28-07-1988,77,Greg Hardy,80, Orthodox,265
0,04-05-1978,73,James Wilks,75, Orthodox,170
0,29-11-1983,73,Jamie Yager,0, Orthodox,185
0,26-03-1993,64,Kai Kara-France,69, Orthodox,125
0,23-09-1983,76,Shane del Rosario,79, Southpaw,250
0,23-04-1989,69,Juan Puig,72, Orthodox,145
0,30-07-1966,74,Murilo Bustamante,0, Orthodox,183
0,24-08-1975,67,Hayato Sakurai,0, Orthodox,168
0,06-07-1989,75,Dmitry Sosnovskiy,77, Orthodox,240
0,18-11-1986,67,John Teixeira,0, Orthodox,145
0,15-10-1983,75,Jarjis Danho,74, Orthodox,265
0,12-12-1986,68,Zarah Fairn,72, Orthodox,145
0,22-09-1973,61,James Lee,0, Southpaw,205
0,13-06-1992,77,Kennedy Nzechukwu,83, Southpaw,205
0,11-05-1988,67,Julia Avila,68, Orthodox,135
0,02-06-1974,66,Matt Serra,68, Orthodox,170
0,02-01-1980,68,Mac Danzig,70, Orthodox,155
0,30-08-1989,61,Kyle Prepolec,70, Southpaw,170
0,29-05-1971,74,Matt Andersen,0, Southpaw,230
0,0,61,Donnie Chappell,0, Southpaw,178
0,26-03-1980,76,Nick Penner,77, Southpaw,205
0,15-05-1990,68,Justin Lawrence,67, Orthodox,145
0,08-11-1988,61,Makwan Amirkhani,72, Southpaw,145
0,01-03-1991,73,Zabit Magomedsharipov,73, Orthodox,145
0,01-05-1992,72,Jonathan Pearce,71, Switch,155
0,22-08-1988,65,Magomed Bibulatov,65, Orthodox,125
0,12-10-1984,76,Daniel Spohn,79, Southpaw,205
0,17-03-1989,61,Jamie Moyle,65, Orthodox,115
0,17-02-1990,73,Andre Muniz,78, Southpaw,185
0,22-02-1985,61,Ryan Hall,70,,145
0,09-09-1986,61,Bobby Green,71, Orthodox,155
0,02-07-1984,75,Vinny Magalhaes,79, Orthodox,205
0,08-09-1972,69,John Halverson,0, Southpaw,155
0,23-07-1991,67,Teruto Ishihara,69, Southpaw,135
0,14-10-1986,73,Saparbeg Safarov,78, Orthodox,205
0,09-06-1987,69,Jimy Hettes,71, Southpaw,145
0,09-07-1977,61,George Sotiropoulos,71, Orthodox,155
0,05-05-1991,75,Bevon Lewis,79, Orthodox,185
0,18-03-1983,76,Brendan Schaub,78, Orthodox,245
0,09-07-1977,75,Tim Credeur,75, Orthodox,185
0,31-10-1974,63,Charlie Valencia,64, Orthodox,135
0,31-12-1986,73,Daniel Rodriguez,74, Southpaw,170
0,13-08-1986,63,Demetrious Johnson,66, Orthodox,125
0,22-05-1982,61,Galore Bofando,72, Switch,170
0,08-11-1984,67,Thiago Tavares,68, Orthodox,145
0,15-01-1986,73,Andrew Craig,76, Orthodox,170
0,02-12-1975,69,Dennis Hallman,72, Orthodox,155
0,14-06-1985,66,Danny Martinez,67, Orthodox,125
0,09-06-1990,61,Takashi Sato,73, Southpaw,170
0,25-01-1983,74,Tor Troeng,77, Orthodox,185
0,11-12-1986,61,Elizeu Zaleski dos Santos,73, Orthodox,170
0,08-04-1992,66,Taylor Lapilus,73, Southpaw,135
0,29-04-1984,69,John Cofer,73, Southpaw,155
0,05-04-1986,72,Nico Musoke,75, Orthodox,170
0,17-04-1982,72,Martin Kampmann,72, Orthodox,170
0,15-10-1982,66,Vaughan Lee,66, Orthodox,125
0,25-04-1989,61,Leonardo Mafra,70, Orthodox,155
0,01-02-1987,67,Ronda Rousey,68, Orthodox,135
0,14-09-1984,73,Dwight Grant,76, Switch,170
0,25-06-1987,66,Melinda Fabian,66,,125
0,24-10-1991,69,Kelvin Gastelum,71, Southpaw,185
0,18-04-1980,61,Justin Levens,0, Orthodox,185
0,04-09-1994,72,Nicolae Negumereanu,78, Orthodox,205
0,10-05-1987,61,Anton Zafir,72, Orthodox,170
0,05-03-1983,72,Chris Cope,72, Orthodox,170
0,0,61,David Lee,0, Orthodox,155
0,22-07-1983,72,Eddie Gordon,76, Orthodox,185
0,17-04-1987,67,Nick Pace,68, Orthodox,135
0,21-08-1992,67,Leah Letson,71,,145
0,12-04-1987,69,Tiago Trator,70, Orthodox,145
0,05-09-1986,76,Francis Ngannou,83, Orthodox,250
0,25-08-1975,73,Jeremy Horn,74, Orthodox,185
0,22-02-1984,61,Edgar Garcia,71, Orthodox,170
0,20-02-1988,61,James Mulheron,73, Orthodox,243
0,0,72,Fred Ettish,0, Southpaw,180
0,15-06-1981,61,Kevin Casey,77, Southpaw,185
0,01-03-1979,74,Alexandre Dantas,0, Orthodox,238
0,26-02-1980,68,Rousimar Palhares,71, Orthodox,170
0,06-10-1988,64,Jennifer Maia,64, Orthodox,125
0,16-09-1983,73,Pablo Garza,73, Orthodox,145
0,31-03-1983,68,Tyler Toner,70, Orthodox,145
0,28-03-1985,69,Joe Ellenberger,72, Orthodox,155
0,18-02-1990,73,Marc-Andre Barriault,74, Orthodox,185
0,08-08-1980,67,Shayna Baszler,67, Orthodox,135
0,17-12-1989,76,Matt Dwyer,76, Orthodox,170
0,25-04-1988,61,TJ Waldburger,75, Orthodox,170
0,11-02-1971,72,Evan Tanner,74, Orthodox,185
0,08-08-1984,75,Alberto Uda,77, Orthodox,185
0,08-05-1982,63,Jessica Aguilar,63, Orthodox,115
0,24-10-1979,72,David Mitchell,76, Orthodox,170
0,22-05-1987,73,Teemu Packalen,75, Orthodox,155
0,08-08-1988,69,Mairbek Taisumov,73, Orthodox,155
0,04-06-1986,74,James Krause,73, Orthodox,170
0,15-08-1973,78,Marcus Jones,0, Orthodox,265
0,09-06-1984,72,Callan Potter,72, Orthodox,170
0,19-11-1976,69,Alexandre Barros,0, Southpaw,170
0,25-06-1990,61,Andre Fili,74, Orthodox,145
0,27-05-1986,69,Will Campuzano,70, Orthodox,125
0,25-09-1984,74,Phil Davis,79, Orthodox,205
0,31-07-1989,73,Julian Erosa,74, Southpaw,145
0,11-02-1989,66,Bec Rawlings,64, Orthodox,125
0,19-05-1992,73,Sergey Khandozhko,74, Orthodox,170
0,0,67,Greg Stott,0, Southpaw,220
0,29-11-1976,72,Ricardo Almeida,74, Orthodox,170
0,29-05-1977,72,Travis Fulton,0, Orthodox,240
0,01-07-1980,77,Christian Colombo,80, Orthodox,265
0,31-03-1984,74,Richardson Moreira,72, Orthodox,185
0,22-07-1986,69,Junior Hernandez,69, Orthodox,135
0,0,72,Jason Gilliam,0, Orthodox,170
0,03-01-1991,72,Jeremy Kimball,72, Switch,205
0,14-07-1979,61,Leonard Garcia,69, Orthodox,145
0,31-07-1978,68,Anthony Torres,0, Orthodox,170
0,13-01-1976,67,Leigh Remedios,0, Orthodox,155
0,16-07-1974,66,Andy Anderson,0,,240
0,18-08-1974,61,Chris Lytle,68, Orthodox,170
0,05-07-1980,73,Brodie Farber,0, Orthodox,170
0,08-12-1991,67,Pannie Kianzad,66,,135
0,04-08-1986,74,Jared Rosholt,75, Orthodox,265
0,20-03-1984,66,John Moraga,66, Orthodox,125
0,13-04-1988,65,Justine Kish,64, Orthodox,125
0,16-05-1984,61,Darren Elkins,71, Orthodox,145
0,16-07-1984,61,Walel Watson,69, Orthodox,135
0,16-12-1979,73,Peggy Morgan,70,,135
0,21-11-1986,74,Clint Hester,77, Orthodox,205
0,25-10-1988,75,Jake Collier,78, Orthodox,205
0,08-02-1989,72,Pawel Pawlak,73, Orthodox,170
0,28-08-1980,72,Jesse Bongfeldt,0, Orthodox,185
0,12-02-1974,61,Jerry Bohlander,0, Orthodox,199
0,07-01-1989,68,Levan Makashvili,68, Orthodox,145
0,03-12-1979,72,Seth Petruzelli,76, Orthodox,205
0,27-04-1980,72,Luke Cummo,74, Orthodox,170
0,06-10-1977,61,Rodrigo Ruas,0, Orthodox,185
0,19-05-1993,69,Sodiq Yusuff,71, Orthodox,145
0,03-09-1986,61,Lorenz Larkin,72, Orthodox,170
0,25-10-1984,73,Augusto Montano,73, Orthodox,170
0,12-09-1984,66,Rani Yahya,67, Orthodox,135
0,11-12-1966,74,Jeff Newton,0, Sideways,205
0,05-07-1995,72,Joe Giannetti,74, Southpaw,155
0,01-01-1968,73,Guy Mezger,0, Orthodox,200
0,24-10-1984,74,Jesse Forbes,75, Southpaw,185
0,12-04-1985,69,Felipe Olivieri,72, Orthodox,155
0,17-08-1976,69,Carlos Newton,0, Orthodox,170
0,25-08-1988,72,Giga Chikadze,74, Orthodox,145
0,22-01-1981,68,Luigi Fioravanti,70, Orthodox,170
0,30-11-1970,69,Jutaro Nakao,0, Southpaw,170
0,0,74,Robert Lucarelli,0,,245
0,14-03-1986,68,Robert Peralta,71, Orthodox,145
0,12-12-1985,66,Luke Sanders,67, Southpaw,135
0,14-06-1992,65,Polyana Viana,67, Orthodox,115
0,11-05-1989,61,Frankie Perez,73, Orthodox,155
0,0,61,Onassis Parungao,0,,200
0,14-06-1969,72,Teila Tuli,0, Orthodox,430
0,16-11-1977,61,Delson Heleno,0, Orthodox,185
0,13-09-1999,73,Chase Hooper,74, Southpaw,145
0,26-04-1965,61,Scott Ferrozzo,0, Orthodox,323
0,13-11-1977,74,CJ Fernandes,0,,170
0,17-12-1981,69,Francisco Trevino,70, Orthodox,155
0,02-08-1978,67,Jeff Hougland,68, Orthodox,135
0,22-05-1992,72,Steve Garcia,75, Southpaw,155
0,13-07-1969,61,Dave Strasser,0, Orthodox,170
0,18-03-1981,65,Julie Kedzie,64, Orthodox,135
0,13-07-1987,64,Cynthia Calvillo,64, Orthodox,115
0,13-02-1989,76,James Bochnovic,81, Orthodox,205
0,09-09-1988,61,Dong Hyun Ma,70, Orthodox,155
0,12-10-1990,65,Kyoji Horiguchi,66, Orthodox,125
0,05-10-1976,73,Matt Hamill,76, Orthodox,205
0,20-06-1977,74,Aleksei Oleinik,80, Orthodox,240
0,19-03-1991,61,Shane Burgos,75, Orthodox,145
0,20-11-1990,69,Boston Salmon,69, Southpaw,135
0,25-03-1985,61,Besam Yousef,71, Orthodox,170
0,09-02-1981,61,Charlie Brenneman,72, Orthodox,155
0,03-07-1986,74,Tim Williams,76, Orthodox,185
0,15-08-1991,75,Andy Enz,78, Orthodox,185
0,26-09-1984,63,John Dodson,66, Orthodox,135
0,18-11-1988,74,Jordan Johnson,79, Orthodox,205
0,20-02-1994,61,Grant Dawson,72, Switch,145
0,04-10-1988,61,Erik Koch,71, Southpaw,170
0,02-09-1987,73,Cathal Pendred,75, Orthodox,170
0,08-03-1978,69,Genki Sudo,0, Orthodox,155
0,24-02-1983,74,Jan Blachowicz,78, Orthodox,205
0,15-04-1983,69,Tae Hyun Bang,71, Switch,155
0,11-12-1971,73,Joao Pierini,0, Switch,155
0,10-05-1988,75,Cory Hendricks,0,,205
0,05-06-1992,65,David Dvorak,68, Orthodox,125
0,13-03-1982,68,Justin Salas,70, Southpaw,155
0,29-06-1983,73,Ricky Rainey,77, Switch,170
0,14-07-1969,72,Kazushi Sakuraba,0, Southpaw,185
0,13-12-1976,61,Todd Brown,0, Orthodox,205
0,15-12-1979,72,Paul Taylor,72, Orthodox,155
0,06-09-1987,61,Justin Jones,78, Orthodox,185
0,04-11-1986,68,Rustam Khabilov,73, Orthodox,155
0,27-03-1988,65,Vanessa Melo,65, Orthodox,135
0,12-08-1980,66,Frankie Saenz,66, Orthodox,135
0,0,67,Jermaine Andre,0, Orthodox,200
0,17-11-1981,74,Dong Hyun Kim,76, Southpaw,170
0,24-12-1985,72,Cyril Asker,74, Orthodox,247
0,09-04-1985,68,Kelly Faszholz,67, Orthodox,135
0,21-09-1993,68,Martin Bravo,71, Southpaw,145
0,05-02-1980,72,Leonardo Santos,75, Orthodox,155
0,03-06-1986,61,Greg Soto,73, Orthodox,170
0,29-06-1989,64,Jimmie Rivera,68, Orthodox,135
0,21-07-1982,72,Tim McKenzie,74, Orthodox,185
0,19-09-1967,74,Mark Weir,0, Southpaw,185
0,17-06-1993,72,Luan Chagas,75, Orthodox,170
0,27-07-1991,61,Macy Chiasson,72,,135
0,24-12-1992,72,Darren Till,74, Southpaw,185
0,30-09-1991,67,Geraldo de Freitas,72, Orthodox,135
0,16-11-1984,61,Nicolas Dalby,74, Orthodox,170
0,17-06-1976,61,Kuniyoshi Hironaka,70, Orthodox,168
0,04-05-1991,72,Roman Kopylov,75, Southpaw,185
0,23-09-1979,65,Antonio Banuelos,63, Orthodox,135
0,14-03-1988,75,Josh Samman,79, Orthodox,185
0,22-01-1992,74,Mickey Gall,74, Switch,170
0,14-11-1988,61,Justin Gaethje,70, Orthodox,155
0,17-05-1988,66,Nolan Ticman,69, Orthodox,125
0,26-10-1984,67,Cindy Dandois,68, Orthodox,135
0,30-12-1981,61,Shannon Gugerty,71, Orthodox,155
0,11-07-1976,72,Kenichi Yamamoto,0, Orthodox,170
0,08-06-1984,69,Noad Lahat,69, Orthodox,145
0,11-03-1984,61,Sako Chivitchian,0,,155
0,19-12-1975,66,Michihiro Omigawa,68, Orthodox,145
0,29-02-1980,61,Patrick Cote,71, Orthodox,170
0,02-05-1992,67,Justin Scoggins,66, Southpaw,125
0,0,74,Dave Beneteau,0, Orthodox,250
0,19-06-1979,73,Mike Swick,77, Orthodox,170
0,16-07-1981,69,Yui Chul Nam,69, Orthodox,145
0,19-04-1987,73,Pascal Krauss,72, Orthodox,170
0,07-07-1986,73,Jon Manley,75, Orthodox,170
0,07-07-1980,74,Eliot Marshall,77, Orthodox,205
0,27-12-1986,73,Cale Yarbrough,0, Orthodox,185
0,05-01-1979,69,John Gunderson,69, Orthodox,155
0,02-02-1991,66,Eric Shelton,68, Orthodox,125
0,17-10-1985,61,Omar Morales,73, Orthodox,155
0,11-02-1990,72,Megan Anderson,72, Orthodox,145
0,16-04-1990,65,Alexandre Pantoja,67, Orthodox,125
0,27-02-1993,73,Laureano Staropoli,71, Orthodox,170
0,29-04-1986,73,Dustin Hazelett,76, Orthodox,170
0,20-04-1982,73,Bristol Marunde,71, Orthodox,170
0,30-12-1990,72,Darren Stewart,74, Orthodox,185
0,07-04-1990,66,Azamat Gashimov,66, Orthodox,125
0,03-07-1976,61,Wanderlei Silva,74, Orthodox,205
0,03-02-1980,67,Rodrigo Damm,71, Orthodox,155
0,18-10-1989,67,Ji Yeon Kim,72, Orthodox,125
0,0,76,Carlos Barreto,0, Orthodox,230
0,0,68,Darrel Gholar,0, Orthodox,194
0,26-02-1984,61,TJ Grant,72, Orthodox,155
0,0,74,Harold Howard,0, Orthodox,240
0,14-07-1987,69,Alex Garcia,72, Orthodox,170
0,03-05-1989,72,Bryan Barberena,72, Southpaw,170
0,10-08-1985,61,Joe Proctor,72, Orthodox,155
0,17-12-1969,74,Chuck Liddell,76, Orthodox,205
0,25-08-1987,69,Piotr Hallmann,71, Orthodox,155
0,02-02-1980,72,Denis Stojnic,0, Orthodox,245
0,18-10-1987,72,Alonzo Menifield,76, Orthodox,205
0,12-03-1991,67,Rodrigo de Lima,75, Orthodox,155
0,04-08-1993,64,Ray Borg,63, Orthodox,135
0,22-03-1987,66,Joe Soto,65, Orthodox,135
0,24-02-1965,74,Andre Roberts,0, Orthodox,345
0,12-10-1984,68,Jamie Varner,72, Orthodox,155
0,07-06-1977,73,Chris Wilson,75, Orthodox,170
0,21-09-1978,61,Josh Thomson,71, Orthodox,155
0,04-08-1963,73,Art Jimmerson,0, Orthodox,196
0,08-04-1986,72,Danny Downes,72, Orthodox,155
0,24-08-1991,77,Ryan Spann,79, Orthodox,205
0,04-12-1975,72,Sean Daugherty,0,,175
0,03-11-1992,72,SeungWoo Choi,74, Orthodox,145
0,19-08-1982,69,Kyle Bradley,71, Orthodox,155
0,0,61,Joel Sutton,0, Orthodox,205
0,26-09-1981,76,Roger Gracie,79, Orthodox,185
0,0,61,Orlando Wiet,0, Southpaw,170
0,14-07-1987,73,Danny Roberts,74, Southpaw,170
0,03-03-1980,61,Kevin Burns,74, Orthodox,170
0,19-05-1981,72,Jason Day,72, Orthodox,185
0,08-09-1986,61,Kurt Holobaugh,70, Orthodox,155
0,08-12-1973,74,Lucio Linhares,0, Orthodox,185
0,09-09-1987,69,Kyung Ho Kang,73, Orthodox,135
0,08-04-1993,67,Julija Stoliarenko,66,,145
0,21-12-1968,75,Mark Kerr,0, Switch,266
0,03-03-1983,74,Rob Broughton,74,,265
0,24-06-1986,61,Jessamyn Duke,73,,135
0,28-11-1983,68,Shane Howell,69, Orthodox,125
0,12-09-1978,74,James Irvin,75, Orthodox,205
0,24-08-1978,69,Francisco Trinaldo,70, Southpaw,155
0,19-08-1994,61,Jake Matthews,73, Orthodox,170
0,08-02-1989,64,Syuri Kondo,66, Orthodox,115
0,18-06-1973,74,Wes Combs,0, Orthodox,205
0,0,69,Jess Liaudin,72, Orthodox,170
0,26-10-1978,73,CM Punk,73, Orthodox,170
0,0,72,Ryan Madigan,0, Orthodox,170
0,20-04-1979,72,Nate Marquardt,74, Orthodox,185
0,02-09-1977,66,Jeff Curran,69, Orthodox,135
0,22-10-1968,62,Phil Johns,0, Southpaw,170
0,09-02-1975,75,Wade Shipp,0, Orthodox,245
0,05-12-1983,73,Mats Nilsson,74, Orthodox,170
0,08-11-1989,75,Allen Crowder,76, Orthodox,245
0,26-01-1981,72,Carmelo Marrero,73, Orthodox,205
0,08-12-1988,61,Billy Quarantillo,70, Orthodox,145
0,07-05-1979,68,Kurt Pellegrino,70, Orthodox,155
0,12-04-1982,69,Gilbert Melendez,73, Orthodox,145
0,27-04-1984,61,Ricardo Abreu,73, Orthodox,185
0,18-12-1987,65,Deiveson Figueiredo,68, Orthodox,125
0,18-10-1975,69,Brandon Wolff,0, Orthodox,170
0,12-09-1984,69,Paul Kelly,70, Orthodox,155
0,14-10-1987,69,Marcin Wrzosek,0,,155
0,11-03-1967,61,Renzo Gracie,0, Orthodox,185
0,20-09-1977,73,Ryan Jensen,76, Orthodox,185
0,21-03-1992,66,Alex Perez,65, Orthodox,125
0,0,61,Flavio Luiz Moura,0, Open Stance,183
0,25-06-1987,61,Sean Spencer,75,,170
0,10-05-1974,61,Yoshiyuki Yoshida,70, Southpaw,170
0,25-06-1985,73,Marcos Rogerio de Lima,75, Orthodox,253
0,0,0,Eric Martin,0,,0
0,03-10-1978,76,Corey Hill,80, Orthodox,155
0,22-12-1982,64,Bentley Syler,68, Orthodox,125
0,23-05-1987,61,Ramazan Emeev,76, Southpaw,170
0,15-09-1992,75,Marcelo Golm,75, Orthodox,249
0,13-09-1992,65,Elias Garcia,67, Southpaw,125
0,17-12-1978,73,Scott Junk,0, Orthodox,265
0,28-02-1989,76,Vinicius Moreira,76, Orthodox,205
0,19-02-1984,77,Ednaldo Oliveira,79, Orthodox,205
0,15-01-1991,68,Zubaira Tukhugov,68, Orthodox,145
0,21-07-1981,74,Yushin Okami,75, Southpaw,170
0,0,61,Steve Jennum,0, Orthodox,215
0,17-12-1981,61,Jason Tan,0, Orthodox,170
0,19-09-1982,61,Jeremy Jackson,0, Orthodox,170
0,10-11-1977,75,Josh Barnett,78, Orthodox,250
0,22-11-1983,76,Mark Godbeer,77, Orthodox,240
0,0,73,Jason Fairn,0,,230
0,01-02-1967,75,Bill Mahood,0, Orthodox,200
0,05-02-1989,68,Joaquim Silva,69, Southpaw,155
0,25-08-1974,68,Allen Berube,0, Orthodox,155
0,17-04-1984,61,Siyar Bahadurzada,73, Orthodox,170
0,07-12-1984,61,Dongi Yang,71, Southpaw,185
0,16-12-1969,74,Bobby Southworth,0, Orthodox,205
0,31-01-1972,72,Kristian Rothaermel,0, Open Stance,205
0,03-10-1978,73,Wilson Gouveia,76, Orthodox,185
0,19-11-1989,68,Erik Perez,68, Orthodox,135
0,27-08-1993,69,Joe Solecki,70, Orthodox,155
0,06-07-1981,61,Mike Rio,71, Orthodox,155
0,09-02-1987,61,Gadzhimurad Antigulov,70, Orthodox,205
0,17-08-1994,72,Jamie Mullarkey,74, Orthodox,155
0,28-10-1968,74,Bobby Hoffman,0, Orthodox,245
0,09-01-1984,61,Yoislandy Izquierdo,0, Southpaw,155
0,22-11-1982,72,Edilberto de Oliveira,0, Orthodox,170
0,16-07-1979,61,Kazuhiro Nakamura,70, Orthodox,205
0,27-04-1980,73,Derek Downey,0, Orthodox,185
0,29-07-1975,61,Yoshihiro Akiyama,73, Orthodox,170
0,19-12-1990,65,Tatiana Suarez,66,,115
0,13-08-1985,72,Jonathan Brookins,73, Southpaw,145
0,01-09-1989,75,Henrique da Silva,76, Orthodox,205
0,29-11-1985,61,Max Griffin,76, Orthodox,170
0,13-05-1988,65,Josh Ferguson,66, Orthodox,125
0,14-04-1985,65,Jussier Formiga,67, Orthodox,125
0,04-06-1981,67,Tonya Evinger,70, Orthodox,135
0,24-06-1991,66,Joby Sanchez,68, Orthodox,135
0,10-02-1979,72,Nick Ring,74, Southpaw,185
0,19-04-1972,67,Dokonjonosuke Mishima,0, Southpaw,155
0,21-06-1981,61,John Polakowski,0, Orthodox,155
0,12-10-1971,68,Chris Brennan,0, Orthodox,170
0,04-01-1984,73,Derek Brunson,77, Southpaw,185
0,09-07-1988,61,Belal Muhammad,72, Orthodox,170
0,09-10-1992,66,Askar Askarov,67, Orthodox,125
0,19-08-1988,67,Priscila Cachoeira,65, Orthodox,125
0,0,72,Ivan Serati,0, Orthodox,205
0,22-06-1980,67,Brian Bowles,70, Orthodox,135
0,06-08-1992,72,Trevin Giles,74, Orthodox,185
0,26-06-1985,74,Adam Cella,78,,170
0,17-10-1982,74,Buddy Roberts,0, Orthodox,185
0,07-10-1974,67,Akihiro Gono,68, Switch,170
0,27-05-1981,63,Chris Cariaso,63, Southpaw,125
0,15-07-1972,68,Jason Black,0, Orthodox,155
0,24-12-1980,73,Jason Miller,72, Orthodox,185
0,11-03-1986,68,Chris Saunders,0,,155
0,04-01-1982,65,Jose Maria,0, Orthodox,125
0,0,72,David Abbott,0, Switch,265
0,26-04-1972,80,Dan Christison,0, Orthodox,265
0,0,0,Dave Berry,0,,0
0,24-05-1991,65,Emily Whitmire,63,,115
0,27-06-1983,68,Ernest Chavez,70, Orthodox,145
0,08-09-1991,67,Maryna Moroz,67, Orthodox,125
0,03-05-1974,73,Pedro Rizzo,0, Orthodox,241
0,15-02-1992,65,Khalid Taha,69, Orthodox,135
0,09-11-1981,61,Andre Winner,73, Orthodox,155
0,17-05-1980,76,Alistair Overeem,80, Orthodox,265
0,10-11-1966,61,Ian Freeman,0, Orthodox,225
0,20-10-1987,67,Ashley Yoder,69, Southpaw,115
0,28-11-1988,61,Patrick Walsh,71,,185
0,30-05-1979,67,Yves Jabouin,68, Orthodox,135
0,24-10-1994,61,Sean O'Malley,72, Switch,135
0,02-12-1977,72,Mike Wessel,0, Orthodox,260
0,04-08-1993,60,Brianna Van Buren,62, Southpaw,115
0,07-01-1987,61,Matt Hobar,70, Southpaw,135
0,22-08-1981,75,Ryan Janes,76, Orthodox,185
0,01-05-1985,66,Chad Mendes,66, Orthodox,145
0,0,75,Rex Holman,0, Southpaw,205
0,0,61,Todd Medina,0, Southpaw,193
0,23-08-1991,69,Bea Malecki,74, Orthodox,135
0,19-12-1969,73,Tedd Williams,0, Orthodox,275
0,21-05-1989,61,Renato Moicano,72, Orthodox,155
0,18-09-1984,64,Felice Herrig,65, Orthodox,115
0,28-02-1980,73,Francimar Barroso,75, Orthodox,205
0,15-09-1970,72,John Marsh,0, Orthodox,265
0,16-02-1989,68,Andy Ogle,69, Orthodox,145
0,08-10-1986,61,Will Brooks,72, Orthodox,155
0,21-03-1984,67,Rony Jason,70, Orthodox,145
0,28-08-1984,63,Louis Gaudinot,63, Orthodox,125
0,05-11-1984,72,Ryan Thomas,0, Orthodox,170
0,25-10-1989,60,Danielle Taylor,60, Orthodox,115
0,06-03-1970,61,Tsuyoshi Kohsaka,0, Orthodox,225
0,05-12-1989,61,Brendan Loughnane,70, Switch,145
0,04-12-1989,73,Mike Rhodes,74, Orthodox,170
0,22-08-1995,61,Nasrat Haqparast,72, Southpaw,155
0,24-08-1973,61,Marcus Davis,70, Southpaw,170
0,07-06-1989,72,Michael Kuiper,73, Orthodox,185
0,07-12-1982,61,KJ Noons,72, Orthodox,155
0,10-10-1984,65,Mitch Gagnon,65, Southpaw,135
0,06-02-1995,68,Jack Shore,71, Orthodox,135
0,01-02-1986,68,Sam Sicilia,67, Orthodox,145
0,24-02-1982,66,Fernando Bruno,70,,145
0,29-05-1990,61,Steven Peterson,70, Orthodox,145
0,21-11-1981,69,Rodney Wallace,72, Switch,205
0,22-03-1982,76,Kyle Kingsbury,76, Orthodox,205
0,18-08-1986,66,Miesha Tate,65, Orthodox,135
0,29-09-1986,73,Eric Spicely,73, Orthodox,185
0,16-09-1990,66,Ariel Beck,66,,125
0,26-08-1991,68,Ketlen Vieira,68, Orthodox,135
0,28-08-1990,61,Geoff Neal,75, Southpaw,170
0,15-11-1986,67,Royston Wee,67, Orthodox,135
0,31-10-1975,74,Keith Jardine,76, Orthodox,185
0,21-09-1970,61,Ronald Jhun,0, Orthodox,170
0,01-05-1987,67,Raoni Barcelos,67, Orthodox,135
0,04-09-1983,64,Phil Harris,64, Orthodox,125
0,28-09-1988,76,Justin Ledet,80, Orthodox,205
0,15-07-1978,75,Matt Mitrione,79, Switch,265
0,31-03-1986,68,Terrion Ware,71, Orthodox,135
0,0,69,Alex Hunter,0, Orthodox,226
0,06-01-1963,75,Tony Halme,0, Orthodox,300
0,24-11-1987,69,Chris Heatherly,68, Orthodox,155
0,24-09-1981,72,Kris McCray,76, Orthodox,170
0,0,76,Moti Horenstein,0, Orthodox,230
0,14-07-1992,61,Jason Knight,71, Orthodox,145
0,31-01-1989,72,Kyle Stewart,76, Orthodox,170
0,22-03-1967,68,Andre Pederneiras,0, Orthodox,155
0,24-07-1985,65,Anderson Dos Santos,70, Orthodox,135
0,31-07-1984,67,Edwin Figueroa,69, Orthodox,135
0,27-11-1981,73,Ryan Jimmo,73, Orthodox,205
0,28-07-1989,61,Mike Santiago,69, Orthodox,145
0,01-07-1993,69,Mario Bautista,69, Switch,135
0,25-01-1984,66,Mike Easton,70, Southpaw,135
0,08-12-1981,68,Naoyuki Kotani,66, Southpaw,155
0,25-04-1985,73,Martin Svensson,72,,155
0,21-04-1988,73,Ronny Markes,75, Orthodox,185
0,06-10-1989,69,Sean Soriano,70, Orthodox,145
0,17-10-1981,76,Ben Rothwell,78, Orthodox,265
0,02-08-1983,61,Angela Magana,65,,115
0,06-12-1985,75,Todd Duffee,78, Orthodox,260
0,31-10-1977,72,Daniel Kelly,70, Southpaw,185
0,28-04-1989,67,Enrique Barzola,70,,145
0,15-01-1986,61,Joao Zeferino,73, Orthodox,170
0,16-07-1977,67,Javier Vazquez,69, Southpaw,145
0,06-05-1993,68,Spike Carlyle,71, Switch,145
0,0,61,Scott Morris,0, Orthodox,210
0,06-06-1992,68,Chris Fishgold,68, Orthodox,145
0,26-08-1993,63,Amanda Ribas,66, Orthodox,115
0,22-10-1991,72,Austin Arnett,72, Orthodox,145
0,0,61,Keith Hackney,0, Sideways,200
0,10-11-1975,72,Crafton Wallace,0, Orthodox,185
0,18-01-1992,69,Marcin Held,71, Orthodox,155
0,09-11-1989,66,Cody Stamann,64, Orthodox,135
0,21-07-1982,61,Alessandro Ricci,69, Orthodox,155
0,29-07-1981,68,Matt Grice,70, Orthodox,145
0,03-11-1987,66,Darrell Montague,67, Southpaw,125
0,10-01-1991,66,Merab Dvalishvili,68, Orthodox,135
0,23-07-1986,61,Chad Laprise,71, Orthodox,170
0,0,74,Joey Roberts,0,,200
0,10-04-1988,61,James Moontasri,71, Switch,170
0,08-08-1986,74,Danny Mitchell,74, Orthodox,170
0,25-09-1987,61,Jordan Rinaldi,72, Orthodox,145
0,07-06-1983,74,Ryan Bader,74, Orthodox,205
0,01-08-1986,61,Mike Stumpf,71,,170
0,17-11-1992,62,Ariane Carnelossi,61, Orthodox,115
0,09-08-1986,72,CJ Keith,0, Orthodox,155
0,29-04-1983,65,Tim Gorman,68, Southpaw,135
0,14-08-1985,72,Mark Holst,0, Orthodox,155
0,18-06-1989,65,Kwan Ho Kwak,70, Switch,135
0,14-01-1983,61,Akbarh Arreola,71, Southpaw,155
0,0,69,Mark Schultz,0, Orthodox,200
0,27-05-1990,65,Geane Herrera,66, Orthodox,125
0,22-10-1988,72,Alex White,71, Southpaw,155
0,14-12-1987,61,Thiago Perpetuo,71, Orthodox,170
0,14-07-1981,63,Emily Peters Kagan,66,,115
0,03-05-1985,68,John Makdessi,68, Orthodox,155
0,30-03-1992,78,Johnny Walker,82, Orthodox,205
0,25-07-1978,68,Tiequan Zhang,70, Orthodox,155
0,03-08-1973,73,Renato Verissimo,0, Orthodox,170
0,12-06-1990,63,John Lineker,67, Orthodox,135
0,08-04-1978,68,Isaac Vallie-Flagg,68, Orthodox,155
0,25-09-1995,73,Aleksa Camur,74, Orthodox,205
0,22-09-1973,74,David Dodd,0, Orthodox,200
0,27-05-1987,67,Diego Brandao,68, Orthodox,145
0,21-05-1995,75,Khadis Ibragimov,78, Orthodox,205
0,10-09-1974,74,Mirko Cro Cop,73, Southpaw,230
0,08-09-1976,65,Yasuhiro Urushitani,0, Southpaw,125
0,18-05-1984,61,Jeremy Larsen,70, Orthodox,145
0,0,0,Frank Hamaker,0,,0
0,04-02-1996,68,Alex Da Silva,73, Orthodox,155
0,09-01-1971,69,Pete Spratt,0, Orthodox,170
0,21-07-1994,72,Danilo Belluardo,74, Southpaw,155
0,16-06-1989,65,Xiaonan Yan,63, Orthodox,115
0,17-03-1987,67,Chan Sung Jung,72, Orthodox,145
0,29-01-1987,65,Rodolfo Rubio,66, Orthodox,145
0,08-12-1981,67,Clay Guida,70, Orthodox,155
0,15-03-1991,75,Junior Albini,74, Orthodox,264
0,17-08-1988,61,Hector Aldana,72, Orthodox,170
0,04-03-1987,61,Kazuki Tokudome,73, Southpaw,155
0,26-01-1977,69,Jared Rollins,0, Orthodox,170
0,19-11-1979,61,Gerald Harris,77, Southpaw,185
0,01-08-1975,72,Jason Von Flue,0, Orthodox,170
0,19-02-1981,61,Benny Alloway,75, Orthodox,170
0,24-11-1990,61,Maki Pitolo,75, Orthodox,170
0,16-08-1987,61,Mickael Lebout,73, Orthodox,155
0,07-12-1987,73,Michael Chiesa,75, Southpaw,170
0,16-05-1986,68,Anthony Birchak,69, Orthodox,135
0,05-02-1987,67,Kyle Bochniak,70, Orthodox,145
0,0,61,Tony Petarra,0, Orthodox,196
0,16-03-1993,74,Tai Tuivasa,75, Southpaw,264
0,08-06-1958,74,Dan Severn,0, Southpaw,250
0,04-04-1977,76,Stephan Bonnar,78, Orthodox,205
0,08-07-1990,75,Randy Brown,78, Orthodox,170
0,09-11-1977,67,Joe Veres,0, Orthodox,155
0,0,75,Julian Sanchez,0, Orthodox,300
0,0,0,Adriano Santos,0,,0
0,13-06-1983,69,Paul Bradley,0, Orthodox,170
0,14-04-1980,77,Anthony Hamilton,76, Orthodox,260
0,30-01-1983,65,Jessica Penne,67,,115
0,0,72,Keith Rockel,0, Orthodox,185
0,24-11-1985,61,Mitch Clarke,73, Orthodox,155
0,23-11-1982,61,Vinc Pichel,72, Orthodox,155
0,08-11-1985,67,Christina Marks,69, Orthodox,125
0,20-06-1977,66,Marion Reneau,68, Orthodox,135
0,21-06-1965,73,Tim Lajcik,0, Orthodox,225
0,28-01-1981,72,Tim Boetsch,74, Orthodox,185
0,30-09-1987,61,Chris Wade,70, Orthodox,155
0,06-01-1975,75,Kalib Starnes,74, Orthodox,185
0,05-03-1993,68,Rafael Fiziev,71, Switch,155
0,07-02-1986,66,TJ Dillashaw,67, Orthodox,125
0,05-08-1973,68,Jorge Patino,0, Orthodox,170
0,0,74,John Matua,0, Orthodox,400
0,24-09-1978,66,Brad Pickett,68, Orthodox,135
0,0,75,Bob Gilstrap,0, Orthodox,200
0,24-12-1986,67,Tim Elliott,66, Southpaw,135
0,30-09-1982,66,Damacio Page,66, Orthodox,135
0,02-08-1968,61,Jeff Cox,0, Orthodox,155
0,09-11-1985,75,Marcin Tybura,78, Orthodox,249
0,30-06-1978,61,Papy Abedi,74, Southpaw,185
0,21-10-1984,72,Shawn Jordan,75, Southpaw,260
0,24-10-1980,76,James McSweeney,77, Switch,230
0,21-04-1987,73,Eryk Anders,75, Southpaw,205
0,26-05-1976,61,Kenny Florian,74, Southpaw,145
0,28-02-1972,73,Jorge Rivera,73, Orthodox,185
0,02-09-1983,73,Sean O'Connell,74, Orthodox,205
0,09-02-1977,61,Tiki Ghosn,0, Orthodox,170
0,31-07-1989,67,Aljamain Sterling,71, Orthodox,135
0,27-01-1987,61,Anthony Pettis,72, Orthodox,155
0,16-02-1991,68,Mirsad Bektic,70, Orthodox,145
0,22-07-1989,72,Rory MacDonald,76, Orthodox,170
0,03-10-1984,76,Dave Herman,76, Orthodox,242
0,16-07-1982,69,Alvin Robinson,68, Southpaw,155
0,28-09-1989,61,Salim Touahri,72, Orthodox,170
0,06-10-1992,61,Yair Rodriguez,71, Orthodox,145
0,28-07-1980,74,Nate Loughran,0, Orthodox,185
0,18-01-1971,69,Jeff Monson,74, Orthodox,247
0,24-04-1992,61,Montel Jackson,75, Southpaw,135
0,19-05-1977,72,Andre Gusmao,0, Orthodox,205
0,17-11-1980,73,Dan Stittgen,0, Orthodox,170
0,08-05-1990,61,Brandon Davis,72, Orthodox,135
0,08-05-1981,65,Manvel Gamburyan,67, Orthodox,135
0,12-04-1990,72,Devin Clark,75, Orthodox,205
0,23-09-1986,61,Tom Gallicchio,73, Southpaw,170
0,23-03-1979,67,Eddie Yagin,0, Orthodox,145
0,22-08-1991,66,Mayra Bueno Silva,66, Orthodox,135
0,13-03-1985,75,Tim Johnson,77, Southpaw,265
0,10-03-1993,61,Clay Collard,73, Orthodox,145
0,15-04-1982,72,Leonardo Augusto Leleco,73, Orthodox,185
0,29-08-1977,61,Gabe Ruediger,0, Orthodox,155
0,30-03-1983,69,Melvin Guillard,68, Orthodox,155
0,04-01-1971,72,Vladimir Matyushenko,74, Orthodox,205
0,13-08-1975,67,Ronys Torres,0, Orthodox,155
0,09-10-1980,76,Juan Espino,82,,250
0,17-07-1987,74,Jonathan Wilson,75, Southpaw,205
0,25-10-1981,72,Keith Wisniewski,75, Orthodox,170
0,14-12-1993,73,Ion Cutelaba,75, Southpaw,205
0,29-04-1987,66,Marina Rodriguez,65, Orthodox,115
0,19-07-1983,61,Alan Patrick,74, Southpaw,155
0,30-11-1981,61,Jon Koppenhaver,0, Orthodox,170
0,15-09-1990,61,Horacio Gutierrez,69,,145
0,16-08-1990,61,Alex Morono,72, Orthodox,170
0,19-07-1987,73,Justin Willis,78, Southpaw,264
0,17-03-1977,72,Kit Cope,0, Orthodox,170
0,12-01-1976,69,Ikuhisa Minowa,0, Orthodox,181
0,31-07-1987,68,Dalcha Lungiambula,76, Orthodox,205
0,23-09-1966,68,Eugene Jackson,0, Orthodox,185
0,09-03-1968,61,Pat Miletich,0, Orthodox,170
0,12-11-1974,75,Aaron Brink,0, Orthodox,205
0,20-10-1982,61,Hayder Hassan,70,,170
0,25-11-1981,72,Alan Jouban,73, Southpaw,170
0,07-09-1988,67,Kevin Aguilar,73, Orthodox,145
0,24-10-1981,68,Mark Bocek,75, Orthodox,155
0,15-09-1987,67,Mike Wilkinson,68,,145
0,06-09-1981,73,Thales Leites,78, Orthodox,185
0,14-01-1986,73,Matthew Riddle,74, Southpaw,170
0,25-12-1984,61,Damien Brown,68, Orthodox,155
0,15-01-1991,69,Michael McDonald,70, Orthodox,135
0,19-12-1979,66,Guido Cannetti,68, Southpaw,135
0,18-07-1984,75,Alexander Yakovlev,74, Southpaw,155
0,14-03-1982,61,Estevan Payan,72, Orthodox,145
0,30-06-1981,73,Dan Miller,74, Orthodox,185
0,24-06-1981,69,Junior Assuncao,72, Orthodox,145
0,08-05-1990,74,Julian Marquez,75, Orthodox,185
0,23-10-1988,69,Andre Soukhamthath,70, Orthodox,135
0,09-09-1986,67,Jose Aldo,70, Orthodox,135
0,24-08-1968,69,James Toney,0, Orthodox,220
0,18-04-1984,61,Rameau Thierry Sokoudjou,78, Orthodox,205
0,27-11-1981,61,Rashad Coulter,76, Orthodox,205
0,06-05-1986,74,Sam Alvey,75, Southpaw,205
0,28-03-1976,72,Hector Ramirez,0, Orthodox,205
0,15-02-1987,61,Steven Siler,70, Orthodox,145
0,15-02-1984,68,Alex Soto,71, Southpaw,135
0,30-08-1983,68,Jim Miller,71, Southpaw,155
0,24-03-1983,61,Josh Neer,72, Orthodox,170
0,16-08-1977,72,Jules Bruchez,0, Southpaw,205
0,19-09-1983,67,Leandro Issa,69, Orthodox,135
0,0,69,Tyrone Roberts,0, Orthodox,185
0,25-08-1979,69,Danny Castillo,71, Orthodox,155
0,02-08-1992,64,Jose Torres,65, Orthodox,125
0,08-03-1984,61,Viscardi Andrade,75, Orthodox,170
0,03-07-1985,72,Karlos Vemola,75, Orthodox,185
0,02-11-1983,68,Cub Swanson,70, Orthodox,145
0,01-01-1987,74,TJ O'Brien,0, Orthodox,155
0,25-08-1977,73,Gilbert Aldana,0, Orthodox,250
0,19-08-1982,76,Stipe Miocic,80, Orthodox,240
0,30-06-1976,74,Gilbert Yvel,77, Orthodox,225
0,05-10-1981,75,Robert Drysdale,78, Orthodox,205
0,19-05-1968,73,Satoshi Honma,0, Orthodox,205
0,16-07-1991,69,Louis Smolka,68, Orthodox,135
0,26-09-1981,73,David Branch,78, Orthodox,185
0,22-12-1991,61,Austin Hubbard,71, Orthodox,155
0,07-05-1972,69,Frank Trigg,71, Southpaw,170
0,04-01-1991,61,Warlley Alves,72, Orthodox,170
0,22-05-1990,69,TJ Brown,72, Switch,145
0,03-12-1985,65,Nina Ansaroff,64, Orthodox,115
0,29-08-1987,67,Motonobu Tezuka,66, Southpaw,135
0,0,72,Joe Vedepo,0, Orthodox,185
0,0,77,Zane Frazier,0, Orthodox,250
0,16-05-1986,68,Nazareno Malegarie,70,,155
0,0,0,Francesco Maturi,0,,0
0,27-11-1988,67,Jianping Yang,65, Orthodox,145
0,10-10-1980,69,Doug Evans,0, Orthodox,155
0,07-02-1985,75,Derrick Lewis,79, Orthodox,260
0,01-10-1990,67,Norma Dumont,67, Orthodox,135
0,18-04-1984,67,Grigorii Popov,68, Switch,135
0,06-06-1982,61,Vagner Rocha,73, Orthodox,155
0,0,61,Reza Nasri,0, Orthodox,205
0,21-07-1980,61,Chris Leben,74, Southpaw,185
0,07-09-1975,73,Renato Sobral,75, Orthodox,205
0,01-03-1995,66,Aspen Ladd,66, Orthodox,135
0,22-10-1991,63,Amanda Cooper,64, Switch,115
0,26-07-1988,76,Anthony Smith,76, Orthodox,205
0,25-05-1972,69,Cung Le,69, Southpaw,185
0,28-08-1993,61,Viviane Pereira,63, Orthodox,115
0,23-09-1982,72,Joe Riggs,70, Southpaw,185
0,05-05-1989,72,Marcio Alexandre Junior,75, Southpaw,185
0,11-07-1975,69,Masutatsu Yano,0, Orthodox,198
0,08-03-1981,61,Maiquel Falcao,0, Orthodox,185
0,22-04-1987,61,Chris Indich,73,,170
0,27-10-1973,73,Semmy Schilt,0, Orthodox,265
0,20-07-1974,72,Aaron Simpson,73, Orthodox,170
0,30-03-1980,61,Bojan Mihajlovic,73, Orthodox,205
0,13-10-1973,69,Mark Hughes,0, Southpaw,205
0,01-05-1981,74,Nissen Osterneck,0, Orthodox,185
0,11-02-1993,67,Petr Yan,67, Switch,135
0,23-03-1986,72,Guilherme Vasconcelos,74, Orthodox,185
0,10-01-1996,67,Duda Santana,73, Orthodox,145
0,15-08-1972,72,Katsuhisa Fujii,0, Orthodox,205
0,20-11-1984,68,Antonina Shevchenko,67, Southpaw,125
0,21-04-1996,61,Claudio Puelles,72, Southpaw,155
0,12-05-1984,69,Junie Browning,0, Orthodox,155
0,22-10-1985,73,Marcel Fortuna,74, Orthodox,205
0,01-06-1990,61,Bobby Moffett,73, Orthodox,145
0,19-11-1986,65,Ian Entwistle,64, Orthodox,135
0,09-08-1979,72,Kyle Watson,0,,155
0,15-10-1985,63,Karolina Kowalkiewicz,64, Orthodox,115
0,26-06-1996,67,Diana Belbita,68, Orthodox,125
0,02-06-1992,75,Magomed Ankalaev,75, Orthodox,205
0,29-06-1981,61,Chad Reiner,0, Orthodox,170
0,14-12-1979,61,Drew Fickett,70, Orthodox,155
0,28-03-1985,69,Jake Ellenberger,71, Orthodox,170
0,05-10-1974,73,Rich Franklin,75, Southpaw,185
0,07-07-1991,68,Cody Garbrandt,65, Orthodox,135
0,07-02-1985,61,Albert Cheng,0, Orthodox,170
0,29-09-1989,72,Niko Price,76, Orthodox,170
0,20-11-1976,73,Gan McGee,0, Orthodox,265
0,10-10-1987,61,Carla Esparza,63,,115
0,23-03-1995,69,Thiago Moises,70, Orthodox,155
0,20-03-1979,61,Daniel Cormier,72, Orthodox,235
0,04-10-1994,61,Bryce Mitchell,70, Southpaw,145
0,23-09-1984,68,Mark Madsen,72, Orthodox,155
0,17-07-1987,69,Bruno Santos,69, Orthodox,185
0,23-02-1968,67,Wallid Ismail,0, Orthodox,205
0,17-06-1986,66,Gavin Tucker,66, Southpaw,145
0,06-08-1980,61,Charles McCarthy,71, Orthodox,185
0,11-03-1991,63,Livinha Souza,63, Orthodox,115
0,20-05-1983,69,Roger Huerta,70, Orthodox,155
0,02-02-1978,69,Hector Lombard,71, Southpaw,185
0,08-09-1990,76,Will Chope,76, Switch,145
0,31-07-1981,66,Wagner Campos,0, Southpaw,145
0,09-10-1977,72,Joe Doerksen,75, Orthodox,185
0,31-03-1994,68,Felipe Colares,69, Orthodox,135
0,15-02-1985,73,Cezar Ferreira,78, Southpaw,185
0,06-12-1980,73,Igor Araujo,77, Orthodox,170
0,02-10-1986,61,Alex Reyes,73, Orthodox,170
0,30-07-1981,69,Rob Emerson,70, Orthodox,155
0,08-08-1988,72,Amilcar Alves,0, Southpaw,170
0,14-04-1969,72,Ebenezer Fontes Braga,0, Orthodox,199
0,22-02-1988,61,Colby Covington,72, Orthodox,170
0,20-08-1986,66,Elizabeth Phillips,65, Orthodox,135
0,11-06-1990,69,Matt Frevola,71, Orthodox,155
0,02-01-1980,73,Oli Thompson,75, Orthodox,242
0,14-03-1986,69,Wang Guan,71, Orthodox,145
0,30-11-1977,61,Josh Koscheck,73, Orthodox,170
0,19-09-1980,66,Heather Jo Clark,64,,115
0,01-06-1974,75,Dan Evensen,0, Orthodox,250
0,02-01-1983,72,Jesse Taylor,73, Orthodox,170
0,25-05-1986,72,Jimmy Quinlan,72, Orthodox,185
0,22-01-1980,68,Jorge de Oliveira,71, Orthodox,155
0,28-08-1988,68,Pat Schilling,69, Orthodox,145
0,0,61,Cal Worsham,0, Orthodox,230
0,23-01-1990,61,Christos Giagos,71, Orthodox,155
0,01-09-1982,61,Matt Arroyo,72, Orthodox,170
0,18-08-1993,66,Sergio Pettis,69, Orthodox,125
0,07-01-1984,74,Thiago Santos,76, Orthodox,205
0,0,69,Anthony Macias,0, Switch,185
0,21-02-1991,68,Brian Ortega,69, Switch,145
0,08-09-1975,74,Chris Tuchscherer,76, Orthodox,258
0,30-09-1983,69,Scott Holtzman,69, Orthodox,155
0,12-07-1979,75,Mario Miranda,74, Orthodox,185
0,0,0,Noe Hernandez,0, Orthodox,0
0,0,74,Alex Stiebling,0, Southpaw,205
0,0,61,Joe Moreira,0, Southpaw,195
0,08-09-1987,61,Chris Dempsey,72, Orthodox,185
0,24-07-1989,61,Jamall Emmers,74, Orthodox,145
0,29-07-1981,61,Steve Bosse,72, Orthodox,205
0,28-03-1967,61,Yoji Anjo,0, Orthodox,205
0,18-06-1974,61,Assuerio Silva,0, Orthodox,241
0,07-11-1973,73,Curtis Stout,0, Southpaw,185
0,08-09-1975,66,Mike Brown,70, Orthodox,145
0,26-08-1974,66,Hermes Franca,71, Orthodox,155
0,04-08-1979,73,Wes Sims,0, Orthodox,260
0,04-09-1991,63,Isabela de Padua,64, Orthodox,125
0,20-12-1990,72,Robert Whittaker,73, Orthodox,185
0,29-09-1988,66,Alexander Volkanovski,71, Orthodox,145
0,13-12-1993,72,Justin Tafa,74, Southpaw,264
0,18-09-1983,68,Abel Trujillo,70, Orthodox,155
0,26-04-1986,72,Bartosz Fabinski,75, Orthodox,170
0,27-03-1986,65,Alptekin Ozkilic,65, Orthodox,125
0,20-06-1978,61,Reza Madadi,72, Orthodox,155
0,24-07-1979,68,Mike Lullo,0, Orthodox,145
0,22-09-1982,69,Shamar Bailey,75,,155
0,02-05-1984,68,Aleksei Kunchenko,70, Orthodox,170
0,24-01-1995,75,Serghei Spivac,78, Orthodox,260
0,20-09-1977,68,Alex Karalexis,66, Orthodox,155
0,05-12-1979,69,Marcos Vinicius,70, Orthodox,125
0,14-11-1985,72,Keith Berish,73, Orthodox,205
0,04-04-1988,76,Dustin Jacoby,78, Orthodox,185
0,28-02-1990,74,Jason Gonzalez,74, Southpaw,155
0,07-08-1972,73,Brian Gassaway,0, Orthodox,170
0,14-07-1978,76,Rolles Gracie,0, Orthodox,242
0,11-10-1983,67,Nick Denis,0, Orthodox,135
0,10-09-1971,69,Sanae Kikuta,0, Orthodox,200
0,13-04-1985,73,Mehdi Baghdad,75, Orthodox,155
0,29-05-1988,61,Alex Torres,70, Orthodox,145
0,25-04-1984,61,Paul Felder,70, Orthodox,155
0,12-09-1986,69,Dustin Neace,0,,145
0,24-12-1987,62,Aisling Daly,64,,115
0,16-11-1980,74,Patrick Cummins,76, Orthodox,205
0,15-05-1979,75,Chris de la Rocha,80, Orthodox,250
0,25-07-1981,66,Michel Prazeres,67, Orthodox,170
0,26-01-1983,61,Justin Edwards,70, Orthodox,155
0,27-11-1971,61,Homer Moore,0, Orthodox,205
0,09-02-1984,72,Jake Hecht,76, Orthodox,170
0,21-08-1993,74,Luis Henrique,74, Orthodox,243
0,12-09-1976,74,Yuki Sasaki,0, Orthodox,185
0,18-12-1981,61,Evan Dunham,70, Southpaw,155
0,28-05-1988,62,Tina Lahdemaki,62, Orthodox,115
0,12-10-1981,68,Jason High,71, Southpaw,155
0,09-02-1976,61,Chris Clements,70, Orthodox,170
0,04-01-1980,69,Donny Walker,0,,135
0,20-04-1971,72,Allan Goes,0, Orthodox,205
0,20-03-1988,72,Jingliang Li,71, Orthodox,170
0,01-08-1967,73,Sherman Pendergarst,0, Orthodox,235
0,11-06-1977,76,Lavar Johnson,82, Orthodox,240
0,17-09-1984,61,Sultan Aliev,74, Orthodox,170
0,14-07-1971,72,Sean Alvarez,0, Orthodox,235
0,14-07-1990,62,Alexandra Albu,63, Orthodox,115
0,0,0,John Dowdy,0,,0
0,27-04-1987,74,Justin Wren,0, Orthodox,265
0,20-03-1991,67,Casey Kenney,68, Southpaw,135
0,23-12-1963,68,Adrian Serrano,0,,170
0,26-07-1992,73,Thomas Gifford,75, Orthodox,155
0,29-05-1986,75,Guto Inocente,77, Orthodox,205
0,17-12-1980,61,Charlie Ward,73, Orthodox,170
0,07-03-1984,72,Joe Merritt,73, Orthodox,170
0,22-09-1975,69,Forrest Petz,71, Orthodox,170
0,28-12-1988,69,Katlyn Chookagian,68, Orthodox,125
0,09-08-1993,65,Alexa Grasso,66, Orthodox,115
0,0,0,Tulio Palhares,0,,180
0,0,0,Cesar Marscucci,0,,0
0,0,73,Marcus Bossett,0, Orthodox,215
0,31-01-1989,74,Dhiego Lima,75, Orthodox,170
0,10-04-1991,61,Dooho Choi,70, Orthodox,145
0,21-06-1993,67,Tom Duquesnoy,68, Orthodox,135
0,13-02-1986,65,Pedro Nobre,0,,135
0,14-11-1995,64,Lara Procopio,67, Orthodox,135
0,28-07-1983,61,Ilir Latifi,73, Orthodox,205
0,09-06-1985,61,John Phillips,75, Southpaw,185
0,15-09-1985,66,Ashkan Mokhtarian,67, Southpaw,125
0,14-08-1980,61,Ricardo Funch,76, Southpaw,170
0,03-11-1984,61,Humberto Brown,71,,145
0,0,0,Ray Wizard,0,,0
0,0,73,Thomas Ramirez,0, Sideways,410
0,10-11-1988,61,Martin Day,73, Orthodox,135
0,27-05-1973,61,Gideon Ray,0, Southpaw,185
0,08-02-1990,74,Makhmud Muradov,75, Orthodox,185
0,27-11-1987,75,Paul Craig,76, Orthodox,205
0,11-08-1985,61,Abdul Razak Alhassan,73, Orthodox,170
0,11-10-1996,67,Arman Tsarukyan,72, Orthodox,155
0,0,61,Tom Egan,0, Orthodox,170
0,17-09-1974,72,Mike Guymon,74, Orthodox,170
0,06-01-1986,63,Michelle Waterson,62, Orthodox,115
0,08-05-1975,67,Caol Uno,70, Southpaw,155
0,19-09-1983,61,Matt Wiman,68, Orthodox,155
0,18-02-1988,73,Stefan Struve,84, Orthodox,265
0,13-01-1979,68,Nick Agallar,0, Orthodox,155
0,28-02-1990,61,Jordan Griffin,73, Southpaw,145
0,15-08-1985,68,Kazula Vargas,71, Southpaw,155
0,20-08-1984,73,Sheldon Westcott,71, Southpaw,170
0,03-07-1982,73,Xavier Foupa-Pokam,0, Open Stance,185
0,07-12-1988,64,Claudia Gadelha,63, Orthodox,115
0,21-02-1992,67,Brett Johns,71, Orthodox,135
0,01-08-1988,65,Jenel Lausa,68, Orthodox,125
0,18-05-1986,68,Marco Beltran,69, Orthodox,125
0,16-08-1983,68,Byron Bloodworth,69, Orthodox,135
0,27-08-1972,68,Kamal Shalorus,68, Orthodox,155
0,16-06-1984,68,Hacran Dias,69, Orthodox,155
0,04-06-1970,66,Paul Creighton,0, Southpaw,155
0,01-07-1991,61,William Patolino,75, Orthodox,170
0,01-03-1996,72,Sage Northcutt,71, Orthodox,170
0,01-02-1988,68,Jared Papazian,67, Southpaw,135
0,07-11-1984,61,Polo Reyes,71,,155
0,10-06-1984,61,Frank Lester,0, Orthodox,170
0,20-02-1990,68,Ottman Azaitar,71, Switch,155
0,0,68,Ben Earwood,0, Orthodox,170
0,20-08-1977,75,Dorian Price,0, Southpaw,170
0,16-07-1964,61,Eldo Xavier Dias,0,,180
0,21-11-1988,61,Jorge Lopez,0, Orthodox,170
0,25-09-1979,72,Rashad Evans,75, Orthodox,205
0,02-06-1976,75,Minotauro Nogueira,77, Orthodox,240
0,04-09-1992,69,Kevin Lee,77, Orthodox,170
0,07-09-1983,68,Ian Loveland,0, Orthodox,145
0,03-09-1984,73,Daniel Jolly,75, Orthodox,205
0,22-03-1995,64,Liana Jojua,62, Orthodox,135
0,28-05-1982,68,Brian Melancon,72, Orthodox,170
0,23-03-1974,61,Mark Hunt,72, Orthodox,265
0,11-09-1990,68,Te Edwards,72, Orthodox,155
0,18-07-1983,61,Hatsu Hioki,70, Orthodox,145
0,05-02-1992,77,Adam Wieczorek,81, Orthodox,250
0,23-11-1965,74,Ron Waterman,0, Orthodox,280
0,02-12-1997,68,Song Yadong,67, Orthodox,135
0,14-01-1986,72,Sai Wang,72, Southpaw,170
0,20-06-1987,67,Bharat Kandare,72, Orthodox,135
0,05-11-1986,76,Tamdan McCrory,78, Switch,185
0,07-04-1982,69,Tyron Woodley,74, Orthodox,170
0,18-08-1975,61,Jason Thacker,0, Orthodox,185
0,11-10-1989,61,Desmond Green,73, Southpaw,155
0,16-01-1974,74,Paul Buentello,77, Orthodox,245
0,12-01-1985,63,Angela Hill,64, Orthodox,115
0,07-04-1995,75,Hu Yaozong,72, Orthodox,205
0,23-12-1980,69,Dan Barrera,0, Orthodox,170
0,13-05-1992,75,Sergei Pavlovich,84, Southpaw,257
0,01-12-1987,74,Curtis Millender,76, Orthodox,170
0,13-09-1975,74,Christian Wellisch,77, Orthodox,234
0,11-05-1987,72,Kamaru Usman,76, Switch,170
0,27-11-1995,69,Charles Jourdain,69, Switch,155
0,28-07-1987,68,Willamy Freire,0,,155
0,08-12-1986,74,Steve Cantwell,75, Orthodox,185
0,25-08-1991,74,Leon Edwards,74, Southpaw,170
0,01-09-1982,73,Garreth McLellan,72, Southpaw,185
0,20-04-1994,68,Jonathan Martinez,70, Southpaw,135
0,16-10-1981,66,Frankie Edgar,68, Orthodox,145
0,20-03-1982,61,Robbie Lawler,74, Southpaw,170
0,14-09-1988,61,Alan Omer,71, Orthodox,145
0,15-09-1991,61,Mike Perry,71, Orthodox,170
0,09-12-1980,68,Aaron Riley,69, Southpaw,155
0,05-09-1978,75,Rob MacDonald,78, Orthodox,205
0,16-06-1963,69,Paul Jones,0, Orthodox,199
0,09-05-1976,67,Spencer Fisher,70, Southpaw,155
0,26-01-1970,74,Dan Bobish,0, Southpaw,345
0,19-11-1982,67,Masanori Kanehara,67, Orthodox,135
0,13-02-1980,69,Anthony Lapsley,71, Southpaw,170
0,28-04-1989,61,Jonavin Webb,71, Orthodox,170
0,14-07-1988,69,Conor McGregor,74, Southpaw,155
0,13-08-1986,67,Russell Doane,70, Orthodox,135
0,25-12-1988,65,Dustin Ortiz,65, Orthodox,125
0,18-01-1985,69,Diego Ferreira,74, Orthodox,155
0,29-09-1981,74,James Te Huna,75, Orthodox,185
0,02-08-1983,73,Nick Diaz,76, Southpaw,185
0,31-08-1994,66,Mark De La Rosa,65, Orthodox,135
0,18-09-1975,72,Mike Pyle,74, Orthodox,170
0,28-06-1986,69,Jason Young,73, Orthodox,145
0,20-09-1977,75,Eric Schafer,75, Orthodox,185
0,18-03-1991,67,Tyler Diamond,69, Orthodox,145
0,24-08-1972,73,Trevor Prangley,75, Orthodox,185
0,0,68,Keith Mielke,0,,185
0,24-07-1984,64,Joshua Sampo,64, Orthodox,125
0,0,68,Eugenio Tadeu,0, Orthodox,160
0,0,75,Marcus Silveira,0, Orthodox,242
0,27-07-1986,66,Jessica Eye,66, Orthodox,125
0,22-06-1993,65,Taila Santos,68, Orthodox,125
0,06-01-1978,61,James Giboo,0, Orthodox,170
0,17-08-1991,69,Richie Smullen,68, Orthodox,155
0,30-04-1977,72,Yoel Romero,73, Southpaw,185
0,05-01-1981,75,Trevor Smith,75, Orthodox,185
0,30-05-1978,73,Lyoto Machida,74, Southpaw,185
0,17-07-1988,72,Danny Henry,73, Orthodox,145
0,31-07-1990,79,Daniel Spitz,82, Orthodox,245
0,09-10-1980,73,Jorge Santiago,74, Orthodox,170
0,01-09-1981,72,Nick Catone,72, Southpaw,185
0,26-11-1982,67,Reginaldo Vieira,65,,135
0,15-11-1991,65,Lauren Mueller,67, Orthodox,125
0,26-09-1982,66,Hugo Viana,67, Orthodox,135
0,01-03-1994,61,Nohelin Hernandez,71, Orthodox,135
0,15-12-1983,72,Cole Williams,73, Orthodox,170
0,22-10-1986,61,Rin Nakai,60, Orthodox,135
0,14-03-1992,69,Lando Vannata,71, Orthodox,155
0,26-04-1984,74,Carlos Condit,75, Orthodox,170
0,10-10-1977,75,Brandon Vera,76, Orthodox,230
0,02-07-1987,67,Godofredo Pepey,73, Orthodox,145
0,18-02-1991,76,Curtis Blaydes,80, Orthodox,265
0,12-06-1980,61,Jason Dent,71, Orthodox,155
0,29-10-1987,75,Antonio Braga Neto,77, Orthodox,185
0,13-07-1979,72,Jonathan Goulet,73, Orthodox,170
0,07-10-1992,72,Mike Davis,72, Orthodox,155
0,27-11-1990,68,Lukasz Sajewski,71, Orthodox,155
0,07-02-1987,72,Wagner Silva,71, Orthodox,170
0,26-04-1979,72,Bobby Voelker,75, Orthodox,170
0,04-03-1985,66,Josh Emmett,70, Orthodox,145
0,17-01-1966,75,Gary Goodridge,0, Orthodox,249
0,03-02-1988,65,Daniel Teymur,69, Orthodox,145
0,08-10-1982,68,Ken Stone,71,,135
0,05-09-1988,67,Raquel Pennington,67, Orthodox,135
0,01-03-1983,67,John Howard,71, Orthodox,170
0,24-10-1987,61,Chris Holdsworth,71,,135
0,09-07-1987,68,Ashlee Evans-Smith,67, Orthodox,125
0,26-06-1984,67,Eddie Wineland,69, Orthodox,135
0,08-12-1972,61,Frank Shamrock,0, Orthodox,185
0,18-12-1988,72,Bojan Velickovic,76, Southpaw,170
0,08-04-1988,73,Andrew Sanchez,74, Orthodox,185
0,18-08-1985,75,Gian Villante,76, Orthodox,205
0,16-03-1979,75,Forrest Griffin,77, Orthodox,205
0,28-07-1988,61,Gunnar Nelson,72, Switch,170
0,26-10-1981,75,Seth Baczynski,74, Orthodox,170
0,08-05-1983,73,Danillo Villefort,0, Orthodox,185
0,18-04-1996,68,Yanan Wu,66, Orthodox,125
0,15-05-1978,73,Chad Griggs,73, Orthodox,205
0,05-05-1976,75,Alex Schoenauer,0, Orthodox,185
0,09-01-1979,72,Jake Shields,72, Orthodox,170
0,14-10-1986,69,Jim Alers,71, Orthodox,145
0,09-05-1986,61,Roger Zapata,74, Southpaw,170
0,21-05-1989,67,Dustin Kimura,71, Orthodox,135
0,26-04-1988,66,Marlon Moraes,67, Orthodox,135
0,14-03-1984,73,Simeon Thoresen,79, Orthodox,170
0,16-06-1986,68,Chris Gruetzemacher,68, Orthodox,155
0,30-05-1979,69,Antonio Carvalho,68, Orthodox,145
0,06-01-1981,72,Josh Rafferty,0, Orthodox,170
0,03-12-1977,69,Cristiano Marcello,72, Orthodox,155
0,26-12-1991,61,Albert Tumenov,73, Orthodox,170
0,20-06-1978,73,Rampage Jackson,73, Orthodox,205
0,06-01-1983,61,Johnny Bedford,71, Orthodox,135
0,14-04-1977,67,Jessica Rakoczy,68, Orthodox,115
